Category,ItemCode,Barcode,ItemName,Unit,P/Rate,S/Rate
BRA,ZINNIA,100001,ESSENTIALS,PCS,"1,990.00","1,990.00"
BRA,ORCHID WW,100002,ESSENTIALS,PCS,"1,150.00","1,150.00"
BRA,ELBRINA,100003,ESSENTIALS,PCS,"1,590.00","1,590.00"
BRA,FANTASY,100004,ESSENTIALS,PCS,"2,590.00","2,590.00"
BRA,CHERRY,100005,ESSENTIALS,PCS,"2,390.00","2,390.00"
BRA,OPAL,100006,ESSENTIALS,PCS,895.00,895.00
BRA,LAUREL,100007,ESSENTIALS,PCS,"2,190.00","2,190.00"
BRA,AN3698,100008,ANIL,PCS,"2,490.00","2,490.00"
BRA,AN3697,100009,ANIL,PCS,"2,790.00","2,790.00"
BRA,AN3229,100010,ANIL,PCS,"2,240.00","2,240.00"
BRA,ORCHID,100159,ESSENTIALS,PCS,"2,190.00","2,190.00"
BRA,AN3125,100160,ANIL,PCS,"2,190.00","2,190.00"
BRA,AN3592-7,100161,ANIL,PCS,"2,190.00","2,190.00"
BRA,AN3634,100163,ANIL,PCS,"2,790.00","2,790.00"
BRA,AN3607,100164,ANIL,PCS,"2,090.00","2,090.00"
BRA,AN3635,100165,ANIL,PCS,"2,790.00","2,790.00"
BRA,YI1250,100167,YENI INCI,PCS,"2,150.00","2,150.00"
BRA,YI1250BIG,100168,YENI INCI,PCS,"2,350.00","2,350.00"
BRA,YI1915,100169,YENI INCI,PCS,"2,990.00","2,990.00"
BRA,YI1915BIG,100170,YENI INCI,PCS,"2,350.00","2,350.00"
BRA,YI1905,100171,YENI INCI,PCS,"2,190.00","2,190.00"
BRA,YI1005,100172,YENI INCI,PCS,"2,290.00","2,290.00"
BRA,NBB352073,100173,NBB,PCS,"1,990.00","1,990.00"
BRA,NBB351082,100174,NBB,PCS,"1,490.00","1,490.00"
BRA,NBB1180,100176,NBB,PCS,595.00,595.00
BRA,SH1928,100179,NON BR,PCS,695.00,695.00
BRA,SH9332,100180,NON BR,PCS,750.00,750.00
BRA,SH2085,100181,NON BR,PCS,750.00,750.00
BRA,SH1981,100182,NON BR,PCS,795.00,795.00
BRA,SH6328,100183,NON BR,PCS,750.00,750.00
BRA,BN937,100184,NON BR,PCS,795.00,795.00
BRA,BN2217,100185,NON BR,PCS,650.00,650.00
BRA,BN909,100186,NON BR,PCS,795.00,795.00
BRA,BN8056,100187,NON BR,PCS,750.00,750.00
BRA,BN0512,100188,NON BR,PCS,750.00,750.00
BRA,BN806,100189,NON BR,PCS,750.00,750.00
BRA,BN8828,100190,NON BR,PCS,690.00,690.00
BRA,SBI753,100192,SABINA,PCS,"2,345.00","2,345.00"
BRA,SBI2000,100193,SABINA,PCS,"3,590.00","3,590.00"
BRA,SBH5001,100194,SABINA,PCS,"2,240.00","2,240.00"
BRA,SBI799,100195,SABINA,PCS,"2,625.00","2,625.00"
BRA,SBI805,100196,SABINA,PCS,"3,485.00","3,485.00"
BRA,SBP891,100197,SABINA,PCS,"2,065.00","2,065.00"
BRA,SBB578,100198,SABINA,PCS,"1,715.00","1,715.00"
BRA,SBC347,100199,SABINA,PCS,"1,435.00","1,435.00"
BRA,SBC303,100200,SABINA,PCS,"1,230.00","1,230.00"
BRA,SBD6010,100201,SABINA,PCS,"4,630.00","4,630.00"
BRA,XBO036,100203,SABINA,PCS,"1,925.00","1,925.00"
BRA,SBD3034,100204,SABINA,PCS,"5,150.00","5,150.00"
BRA,K-2689,100205,ESSENTIALS,PCS,"1,350.00","1,350.00"
BRA,RUBY-B532,100206,TULIP,PCS,"1,050.00","1,050.00"
BRA,T-118,100207,TULIP,PCS,"1,290.00","1,290.00"
BRA,BJ61463,100208,JULLIET,PCS,"2,900.00","2,900.00"
BRA,BJ61305,100209,JULLIET,PCS,"2,900.00","2,900.00"
BRA,CITIN,100210,FLOURISH,PCS,925.00,925.00
BRA,WG003,100211,FLOURISH,PCS,910.00,910.00
BRA,DISCLOUSURE,100212,FLOURISH,PCS,975.00,975.00
BRA,WG001,100248,FLOURISH,PCS,830.00,830.00
BRA,CITINLUXURY,100249,FLOURISH,PCS,875.00,875.00
BRA,DISCLOSURE,100252,FLOURISH,PCS,"1,525.00","1,525.00"
BRA,SH9789,100259,NON BR,PCS,750.00,750.00
BRA,BN3091,100260,NON BR,PCS,795.00,795.00
BRA,SH843,100261,NON BR,PCS,750.00,750.00
BRA,SH2147,100262,NON BR,PCS,750.00,750.00
BRA,M&SMIX006,100263,M & S,PCS,"1,550.00","1,550.00"
BRA,SBD2000,100281,SABINA,PCS,"2,250.00","2,250.00"
BRA,SBD4021,100282,SABINA,PCS,"2,670.00","2,670.00"
BRA,XBO051,100284,SABINA,PCS,"2,415.00","2,415.00"
BRA,SBD4035,100285,SABINA,PCS,"4,630.00","4,630.00"
BRA,SH8056,100302,NON BR,PCS,750.00,750.00
BRA,SH2148,100303,NON BR,PCS,695.00,695.00
BRA,SH717,100304,NON BR,PCS,695.00,695.00
BRA,BN8825,100305,NON BR,PCS,695.00,695.00
BRA,BN0513,100306,NON BR,PCS,695.00,695.00
BRA,BN502,100307,NON BR,PCS,750.00,750.00
BRA,SH1856,100346,NON BR,PCS,750.00,750.00
BRA,SH2093,100347,NON BR,PCS,750.00,750.00
BRA,SH946,100348,NON BR,PCS,795.00,795.00
BRA,SH831,100349,NON BR,PCS,795.00,795.00
BRA,DB8083,100350,NON BR,PCS,795.00,795.00
BRA,BN8025,100382,NON.B,PCS,750.00,750.00
BRA,SH2117,100393,NON B,PCS,650.00,650.00
BRA,SBC695,100394,SABINA,PCS,"1,820.00","1,820.00"
BRA,SBB513,100395,SABINA,PCS,"1,645.00","1,645.00"
BRA,SBC348,100396,SABINA,PCS,"1,435.00","1,435.00"
BRA,SBC359,100397,SABINA,PCS,"1,365.00","1,365.00"
BRA,BRA200,100439,CANSOY,PCS,850.00,850.00
BRA,SH2212,100440,NON BR,PCS,795.00,795.00
BRA,SH2128,100441,NON BR,PCS,750.00,750.00
BRA,SH2134,100442,NON BR,PCS,750.00,750.00
BRA,SH2116,100443,NON BR,PCS,750.00,750.00
BRA,BN930,100444,NON BR,PCS,790.00,790.00
BRA,BN2011,100445,NON BR,PCS,790.00,790.00
BRA,FL3700,100488,NON BR,PCS,790.00,790.00
BRA,CITIN LUXURY,100489,FLOURISH,PCS,800.00,800.00
BRA,ANGEL,100490,FLOURISH,PCS,725.00,725.00
BRA,SBD4040,100501,SABINA,PCS,"2,670.00","2,670.00"
BRA,SBD4000,100502,SABINA,PCS,"2,250.00","2,250.00"
BRA,SBD6018,100503,SABINA,PCS,"4,630.00","4,630.00"
BRA,SBO350,100504,SABINA,PCS,"4,100.00","4,100.00"
BRA,PASSION,100506,ESSENTIALS,PCS,"2,490.00","2,490.00"
BRA,FL983,100515,NON B,PCS,850.00,850.00
BRA,FL119,100516,NON B,PCS,890.00,890.00
BRA,NO5225,100533,NONB,PCS,795.00,795.00
BRA,NOS9997,100534,NONB,PCS,895.00,895.00
BRA,NOS9306,100535,NONB,PCS,850.00,850.00
BRA,SH2290,100536,NONB,PCS,895.00,895.00
BRA,SHL224,100537,NONB,PCS,850.00,850.00
BRA,NOS225,100543,NONB,PCS,795.00,795.00
BRA,SBU422,100544,SABINA,PCS,"2,660.00","2,660.00"
BRA,SBI797,100545,SABINA,PCS,"3,590.00","3,590.00"
BRA,BUNTY,100556,TULIP,PCS,"1,350.00","1,350.00"
BRA,HBL507,100557,SABINA,PCS,"1,595.00","1,595.00"
BRA,SH2223,100559,NONB,PCS,795.00,795.00
BRA,SH7716,100560,NONB,PCS,895.00,895.00
BRA,SH2310,100561,NONB,PCS,950.00,950.00
BRA,NK1269,100574,NONB,PCS,"1,150.00","1,150.00"
BRA,AN3115,100585,ANIL,PCS,"1,590.00","1,590.00"
BRA,CITINF,100602,FLOURISH,PCS,"1,025.00","1,025.00"
BRA,HBL535,100605,SABINA,PCS,"1,760.00","1,760.00"
BRA,NOS9393,100607,NOS,PCS,850.00,850.00
BRA,NOS1268,100608,NOS,PCS,795.00,795.00
BRA,SH2282,100609,NON B,PCS,895.00,895.00
BRA,FL8868,100610,FLORISH,PCS,795.00,795.00
BRA,FL37620,100611,FLORISH,PCS,850.00,850.00
BRA,FL37300,100612,FLORISH,PCS,850.00,850.00
BRA,FL1805,100613,NON B,PCS,795.00,795.00
BRA,DISCLOSUREF,100642,FLOURISH,PCS,"1,625.00","1,625.00"
BRA,FL1021,100647,NON B,PCS,950.00,950.00
BRA,FL3264,100648,NON B,PCS,950.00,950.00
BRA,FL938,100649,NON B,PCS,850.00,850.00
BRA,YI1700,100661,YENI INCI,PCS,"1,990.00","1,990.00"
BRA,E3132,100666,NON B,PCS,790.00,790.00
BRA,E362,100667,NONB,PCS,790.00,790.00
BRA,E8823,100670,NON B,PCS,725.00,725.00
BRA,D1837,100671,NON B,PCS,725.00,725.00
BRA,D18002,100672,NON B,PCS,790.00,790.00
BRA,D6005,100776,NON B,PCS,890.00,890.00
BRA,SH8076,100785,NON B,PCS,950.00,950.00
BRA,BN8125,100786,NON B,PCS,950.00,950.00
BRA,E3593,100787,NON B,PCS,725.00,725.00
BRA,E1899,100788,NON B,PCS,725.00,725.00
BRA,HBL573,100790,SABINA,PCS,"1,920.00","1,920.00"
BRA,HBLN543,100792,SABINA,PCS,"1,740.00","1,740.00"
BRA,HBL537,100794,SABINA,PCS,"1,920.00","1,920.00"
BRA,FL230627,100797,FLORISH,PCS,"1,750.00","1,750.00"
BRA,TS230627,100798,FLORISH,PCS,"1,990.00","1,990.00"
BRA,SH2249,100801,NONJ B,PCS,890.00,890.00
BRA,SH18020,100802,NON B,PCS,850.00,850.00
BRA,SHL248,100803,NON B,PCS,950.00,950.00
BRA,CS013,100823,NON B,PCS,990.00,990.00
BRA,K663,100824,NON B,PCS,690.00,690.00
BRA,LA02,100825,NON B,PCS,490.00,490.00
BRA,ANURADHA,100829,TULIP,PCS,790.00,790.00
BRA,NITA,100830,TULIP,PCS,"1,290.00","1,290.00"
BRA,L511,100845,NON B,PCS,590.00,590.00
BRA,H8706,100847,NON B,PCS,850.00,850.00
BRA,SH976,100848,NON B,PCS,990.00,990.00
BRA,SH2309,100849,NON B,PCS,850.00,850.00
BRA,X5051,100865,SABINA,PCS,"3,590.00","3,590.00"
BRA,HBLP564,100868,SABINA,PCS,"1,885.00","1,885.00"
BRA,BN8568,100928,NON B,PCS,990.00,990.00
BRA,BN3115,100929,NON B,PCS,990.00,990.00
BRA,A054,100930,NON B,PCS,650.00,650.00
BRA,A8823,100931,NON B,PCS,750.00,750.00
BRA,NBB3699,100980,NBB,PCS,"1,990.00","1,990.00"
BRA,SH2374,100988,NON B,PCS,990.00,990.00
BRA,HBLN556,101030,SABINA,PCS,"1,885.00","1,885.00"
BRA,HBLP545,101032,SABINA,PCS,"1,885.00","1,885.00"
BRA,E539,101035,NON B,PCS,690.00,690.00
BRA,N669,101053,NON B,PCS,690.00,690.00
BRA,H7984,101055,NON B,PCS,790.00,790.00
BRA,HS019,101108,NON B,PCS,850.00,850.00
BRA,YI1635,101131,YENI INCI,PCS,"2,790.00","2,790.00"
BRA,AN3592,101163,ANIL,PCS,"2,190.00","2,190.00"
BRA,AN3714,101193,ANIL,PCS,"1,990.00","1,990.00"
BRA,FL230496,101229,FLOURISH,PCS,"1,790.00","1,790.00"
BRA,A86,101231,STANDARD,PCS,880.00,880.00
BRA,A92,101232,STANDARD,PCS,870.00,870.00
BRA,FL23096,101236,FLORISH,PCS,"1,690.00","1,690.00"
BRA,PLEASURE,101374,FLORISH,PCS,995.00,995.00
BRA,LOVELY LACE,101375,FLORISH,PCS,"1,050.00","1,050.00"
BRA,AN3525,101379,ANIL,PCS,"2,190.00","2,190.00"
CAMISOLE,VG2140,100105,NON BR,PCS,400.00,400.00
CAMISOLE,VG1401,100106,NON BR,PCS,950.00,950.00
CAMISOLE,SH1288,100107,NON BR,PCS,895.00,895.00
CAMISOLE,SH82756-B,100108,NON BR,PCS,795.00,795.00
CAMISOLE,SH876,100109,NON BR,PCS,"1,050.00","1,050.00"
CAMISOLE,VG214,100110,NON BR,PCS,695.00,695.00
CAMISOLE,SH872,100111,NON BR,PCS,795.00,795.00
CAMISOLE,SH7400,100112,NON BR,PCS,990.00,990.00
CAMISOLE,SH826,100287,NON BR,PCS,990.00,990.00
CAMISOLE,SH904,100288,NON BR,PCS,895.00,895.00
CAMISOLE,SH838,100289,NON BR,PCS,795.00,795.00
CAMISOLE,SH2503,100339,NON BR,PCS,850.00,850.00
CAMISOLE,SH636,100340,NON BR,PCS,895.00,895.00
CAMISOLE,VG213,100341,NON BR,PCS,550.00,550.00
CAMISOLE,BONDYMIX,100342,BONDY,PCS,600.00,600.00
CAMISOLE,SH852,100398,NON B,PCS,990.00,990.00
CAMISOLE,SH871,100399,NON B,PCS,950.00,950.00
CAMISOLE,NKA52,100467,NON BR,PCS,480.00,480.00
CAMISOLE,NKLA-6,100468,NON BR,PCS,490.00,490.00
CAMISOLE,NK17,100469,NON BR,PCS,850.00,850.00
CAMISOLE,NKMA-6,100470,NON BR,PCS,450.00,450.00
CAMISOLE,NK3504,100513,CAMISLE,PCS,480.00,480.00
CAMISOLE,SH863,100539,NONB,PCS,895.00,895.00
CAMISOLE,SH8877,100540,NON B,PCS,950.00,950.00
CAMISOLE,E8089,100581,NONB,PCS,895.00,895.00
CAMISOLE,E241,100582,NONB,PCS,950.00,950.00
CAMISOLE,NK8805,100657,NON B,PCS,790.00,790.00
CAMISOLE,NK3001,100658,NON B,PCS,950.00,950.00
CAMISOLE,A1123,100684,NON B,PCS,750.00,750.00
CAMISOLE,A1607,100685,NON B,PCS,750.00,750.00
CAMISOLE,A1121,100686,NON B,PCS,750.00,750.00
CAMISOLE,F2902,100687,NON B,PCS,790.00,790.00
CAMISOLE,A1313,100688,NON B,PCS,790.00,790.00
CAMISOLE,HS302,100689,NON B,PCS,400.00,400.00
CAMISOLE,H5280,100690,NON B,PCS,450.00,450.00
CAMISOLE,H060,100691,NON B,PCS,990.00,990.00
CAMISOLE,NK8783,100758,NON B,PCS,950.00,950.00
CAMISOLE,K605,100759,NON B,PCS,650.00,650.00
CAMISOLE,J1904,100760,NON B,PCS,690.00,690.00
CAMISOLE,J886227,100761,NON B,PCS,750.00,750.00
CAMISOLE,J8315,100762,NON B,PCS,590.00,590.00
CAMISOLE,PCH060,100805,PIERRE CARDIN,PCS,790.00,790.00
CAMISOLE,NOS249,100837,NON B,PCS,990.00,990.00
CAMISOLE,A1305,100838,NON B,PCS,950.00,950.00
CAMISOLE,NOS216,100839,NON B,PCS,750.00,750.00
CAMISOLE,NO8089,100840,NON B,PCS,990.00,990.00
CAMISOLE,CD705363743,100897,COTTON DANCE,PCS,790.00,790.00
CAMISOLE,SH827,100898,NON B,PCS,990.00,990.00
CAMISOLE,M1313,100899,NON B,PCS,790.00,790.00
CAMISOLE,SH891,100900,NON B,PCS,750.00,750.00
CAMISOLE,M1123,100944,NON B,PCS,750.00,750.00
CAMISOLE,M1302,100945,NON B,PCS,890.00,890.00
CAMISOLE,M1102,100946,NON B,PCS,850.00,850.00
CAMISOLE,M1305,100978,NON B,PCS,950.00,950.00
CAMISOLE,M1121,101043,NON B,PCS,790.00,790.00
CAMISOLE,SH87,101044,NON B,PCS,"1,050.00","1,050.00"
CAMISOLE,M1911,101057,NON B,PCS,890.00,890.00
CAMISOLE,M1601,101058,NON B,PCS,890.00,890.00
CAMISOLE,NOS241,101119,NON B,PCS,"1,190.00","1,190.00"
CAMISOLE,BO10007,101120,BONDY,PCS,"2,390.00","2,390.00"
CAMISOLE,CD056,101189,COTON DANCE,PCS,690.00,690.00
CAMISOLE,A1301,101190,NON B,PCS,750.00,750.00
CAMISOLE,DE02,101191,TENDE,PCS,790.00,790.00
CAMISOLE,M1301,101208,NON B,PCS,750.00,750.00
CAMISOLE,DE01,101278,NON B,PCS,790.00,790.00
CAMISOLE,M1201,101343,NON B,PCS,"1,050.00","1,050.00"
PAJAMA (COTTON/SILK/JOGING),HP85,100243,NONB,PCS,995.00,995.00
PAJAMA (COTTON/SILK/JOGING),SP521,100361,NON BR,PCS,"1,290.00","1,290.00"
PAJAMA (COTTON/SILK/JOGING),NK311,100579,NON B,PCS,"1,490.00","1,490.00"
PAJAMA (COTTON/SILK/JOGING),NK2012,100580,NONB,PCS,"1,990.00","1,990.00"
PAJAMA (COTTON/SILK/JOGING),PJ002,100774,PAJAMA,PCS,700.00,700.00
PAJAMA (COTTON/SILK/JOGING),KPJ750,100895,KALIPLI,PCS,"1,150.00","1,150.00"
PAJAMA (COTTON/SILK/JOGING),NK820,101078,NON B,PCS,"1,490.00","1,490.00"
PAJAMA (COTTON/SILK/JOGING),SY7090,101079,NON B,PCS,750.00,750.00
PAJAMA (COTTON/SILK/JOGING),ST001,101080,NON B,PCS,900.00,900.00
PAJAMA (COTTON/SILK/JOGING),NKTR24,101081,NON B,PCS,990.00,990.00
PAJAMA (COTTON/SILK/JOGING),RN001,101170,NON B,PCS,950.00,950.00
PAJAMA (COTTON/SILK/JOGING),PL889,101286,POEM LIFE,PCS,"1,350.00","1,350.00"
STOKINGS,IT1108,100255,ITALIANA,PCS,500.00,500.00
STOKINGS,IT2208,100256,ITALIANA,PCS,670.00,670.00
STOKINGS,I1323,100367,ITALIANA,PCS,400.00,400.00
STOKINGS,I1272,100368,ITALIANA,PCS,400.00,400.00
STOKINGS,I1198,100369,ITALIANA,PCS,400.00,400.00
STOKINGS,I1546,100370,ITALIANA,PCS,400.00,400.00
STOKINGS,I1326,100371,ITALIANA,PCS,400.00,400.00
STOKINGS,I1447,100372,ITALIANA,PCS,400.00,400.00
STOKINGS,I1216,100373,ITALIANA,PCS,400.00,400.00
STOKINGS,I10081,100374,ITALIANA,PCS,400.00,400.00
STOKINGS,I1808,100375,ITALIANA,PCS,400.00,400.00
STOKINGS,I2731,100376,ITALIANA,PCS,400.00,400.00
STOKINGS,NK9026522,100377,NON B,PCS,800.00,800.00
STOKINGS,I1108,100378,ITALIANA,PCS,500.00,500.00
STOKINGS,I2390,100379,ITALIANA,PCS,"1,100.00","1,100.00"
STOKINGS,I2208,100380,ITALIANA,PCS,750.00,750.00
STOKINGS,IT2184,101145,ITALIANA,PCS,670.00,670.00
STOKINGS,IT2173,101146,ITALIANA,PCS,700.00,700.00
STRAPS,SH01-B,100157,NON B,PCS,200.00,200.00
STRAPS,CTS1,100909,CANSOY,PCS,90.00,90.00
BATH GOWNS,SUP13003,101165,SUDE,PCS,"2,990.00","2,990.00"
FRAGRANCES,SUNSET,100017,HUGO BOSS,PCS,0.00,0.00
FRAGRANCES,INSPIRATION,100018,LACOSTE,PCS,0.00,0.00
FRAGRANCES,TOCADILLY,100019,ROCHAS,PCS,0.00,0.00
FRAGRANCES,BEVERLYHILLS,100020,GIORGIO,PCS,0.00,0.00
FRAGRANCES,GOLD,100021,CHARLIE,PCS,0.00,0.00
FRAGRANCES,EMOTION,100267,PIER CARDIN,PCS,"1,000.00","1,000.00"
ACCESSORIES,BOTANIC/E,100012,PENCIL,PCS,100.00,100.00
ACCESSORIES,TAAG,100013,BODY SPRAY,PCS,0.00,0.00
ACCESSORIES,BOTANIC/LS,100014,LIPSTICK,PCS,400.00,400.00
ACCESSORIES,JOHNSAN,100015,FACEWASH,PCS,0.00,0.00
ACCESSORIES,NEUTROGENA,100016,FACEWASH,PCS,0.00,0.00
ACCESSORIES,BOTANIC,100244,LIPSTICK,PCS,0.00,425.00
ACCESSORIES,BOTANICE,100245,BOTANICE,PCS,0.00,90.00
ACCESSORIES,TAAG001,100246,BODY SPARY,PCS,0.00,400.00
ACCESSORIES,FACEWASH,100247,FACEWASH,PCS,0.00,550.00
ACCESSORIES,BOTANIC/NP,100353,NAIL POLISH,PCS,200.00,200.00
ACCESSORIES,BOTANIC/FW,100355,FACE WASH,PCS,550.00,550.00
ACCESSORIES,BOTANIC.ESK,100498,EYE SHADE KID,PCS,"2,000.00","2,000.00"
ACCESSORIES,MAYBELLINE.L,100499,LIPSTICK,PCS,"1,200.00","1,200.00"
ACCESSORIES,EYESHADEKIT,100528,BOTANICE,PCS,"2,000.00","2,000.00"
ACCESSORIES,NAILPAINT,100529,BOTANICE,PCS,200.00,200.00
ACCESSORIES,EYE/LIPPENCIL,100530,BOTANICE,PCS,100.00,100.00
ACCESSORIES,B-POWDER13,100748,BRONZER POWDER,PCS,"1,650.00","1,650.00"
ACCESSORIES,ESHADOW-SB,100749,EYE SHADOW STARS BAKED,PCS,"1,450.00","1,450.00"
SWIM SUITS,BS1605,100154,NON BR,PCS,"2,990.00","2,990.00"
SWIM SUITS,BL1493,100155,NON BR,PCS,"1,750.00","1,750.00"
SWIM SUITS,BS9111,100156,NON BR,PCS,"2,750.00","2,750.00"
PANTY,NK626,100493,NON BR,PCS,400.00,400.00
PANTY,SH1373,100547,NONB,PCS,350.00,350.00
PANTY,CH018,100577,COTTONHILL,PCS,550.00,550.00
PANTY,A2445,100674,NON B,PCS,300.00,300.00
PROSTHESIS PADS,PPSABINA,100011,SABINA,PCS,0.00,0.00
NIGHTIES LONG,NK6088,100022,NON BR,PCS,"2,295.00","2,295.00"
NIGHTIES LONG,NK0063,100023,NON BR,PCS,"2,995.00","2,995.00"
NIGHTIES LONG,NK0062,100024,NON BR,PCS,"2,995.00","2,995.00"
NIGHTIES LONG,NK0054,100025,NON BR,PCS,"2,995.00","2,995.00"
NIGHTIES LONG,NK0035,100026,NON BR,PCS,"3,850.00","3,850.00"
NIGHTIES LONG,NK521,100027,NON BR,PCS,"1,990.00","1,990.00"
NIGHTIES LONG,NK520,100028,NON BR,PCS,"1,890.00","1,890.00"
NIGHTIES LONG,NK2124,100029,NON BR,PCS,"1,890.00","1,890.00"
NIGHTIES LONG,NK2118,100030,NON BR,PCS,"1,995.00","1,995.00"
NIGHTIES LONG,MAXI584,100031,NON BR,PCS,"1,690.00","1,690.00"
NIGHTIES LONG,AYDO6415,100032,AYDOGAN,PCS,"2,590.00","2,590.00"
NIGHTIES LONG,BO3375,100033,BONDY,PCS,"3,590.00","3,590.00"
NIGHTIES LONG,BO3315,100034,BONDY,PCS,"3,590.00","3,590.00"
NIGHTIES LONG,BO3376,100035,BONDY,PCS,"3,590.00","3,590.00"
NIGHTIES LONG,BO3373,100036,BONDY,PCS,"4,790.00","4,790.00"
NIGHTIES LONG,NBB3973,100037,NBB,PCS,"3,390.00","3,390.00"
NIGHTIES LONG,NL356,100038,NILAY,PCS,"4,990.00","4,990.00"
NIGHTIES LONG,NL352,100039,NILAY,PCS,"3,990.00","3,990.00"
NIGHTIES LONG,NL396,100040,NILAY,PCS,"3,990.00","3,990.00"
NIGHTIES LONG,PC917,100042,PIER CARDIN,PCS,"4,290.00","4,290.00"
NIGHTIES LONG,NL354,100069,NILAY,PCS,"4,990.00","4,990.00"
NIGHTIES LONG,MAXYI1584,100251,NON BR,PCS,"1,690.00","1,690.00"
NIGHTIES LONG,BO3388,100268,BONDY,PCS,"5,990.00","5,990.00"
NIGHTIES LONG,NK513,100400,NON B,PCS,"1,450.00","1,450.00"
NIGHTIES LONG,BO3378,100424,BONDY,PCS,"3,590.00","3,590.00"
NIGHTIES LONG,PE3006-U,100425,PERIN,PCS,"3,595.00","3,595.00"
NIGHTIES LONG,NK0088,100452,NON BR,PCS,"2,590.00","2,590.00"
NIGHTIES LONG,NK0087,100453,NON BR,PCS,"2,690.00","2,690.00"
NIGHTIES LONG,NK0061,100454,NON BR,PCS,"2,690.00","2,690.00"
NIGHTIES LONG,NK0084,100455,NON BR,PCS,"2,890.00","2,890.00"
NIGHTIES LONG,NK66407,100456,NON BR,PCS,"2,090.00","2,090.00"
NIGHTIES LONG,NU7166,100457,NURTEKS,PCS,"4,690.00","4,690.00"
NIGHTIES LONG,NU7196,100458,NURTEKS,PCS,"4,990.00","4,990.00"
NIGHTIES LONG,PC900,100459,PIERE CARDIN,PCS,"5,990.00","5,990.00"
NIGHTIES LONG,PC902,100460,PIERE CARDIN,PCS,"4,590.00","4,590.00"
NIGHTIES LONG,PE3002U,100461,PERIN,PCS,"3,595.00","3,595.00"
NIGHTIES LONG,NK1688,100521,NON B,PCS,"1,890.00","1,890.00"
NIGHTIES LONG,NK0086,100550,NONB,PCS,"2,690.00","2,690.00"
NIGHTIES LONG,VB1133,100570,VELA BELLA,PCS,"5,990.00","5,990.00"
NIGHTIES LONG,NL398,100592,NILAY,PCS,"4,990.00","4,990.00"
NIGHTIES LONG,NU7122BIG,100631,NURTEKS,PCS,"4,290.00","4,290.00"
NIGHTIES LONG,NK0080,100652,NON B,PCS,"2,790.00","2,790.00"
NIGHTIES LONG,NK1190179,100653,NON B,PCS,"2,990.00","2,990.00"
NIGHTIES LONG,NK0082,100660,NON B,PCS,"2,590.00","2,590.00"
NIGHTIES LONG,NU7122,100697,NURTEKS,PCS,"4,190.00","4,190.00"
NIGHTIES LONG,PC903,100698,PIERE CARDIN,PCS,"5,390.00","5,390.00"
NIGHTIES LONG,P1190179,100768,NON B,PCS,"2,990.00","2,990.00"
NIGHTIES LONG,NK0081,100769,NON B,PCS,"2,790.00","2,790.00"
NIGHTIES LONG,NK6407,100770,NON B,PCS,"2,390.00","2,390.00"
NIGHTIES LONG,NK0083,100781,NON B,PCS,"2,890.00","2,890.00"
NIGHTIES LONG,NU7111,100902,NURTEKS,PCS,"5,990.00","5,990.00"
NIGHTIES LONG,BO3006,100903,BONDY,PCS,"5,990.00","5,990.00"
NIGHTIES LONG,L8803HS,100921,NON B,PCS,"1,850.00","1,850.00"
NIGHTIES LONG,LZF04,100922,NON B,PCS,"1,950.00","1,950.00"
NIGHTIES LONG,BO3017,100960,BONDY,PCS,"4,990.00","4,990.00"
NIGHTIES LONG,PC4309,100983,PIERE CARDIN,PCS,"5,990.00","5,990.00"
NIGHTIES LONG,BO3382,101022,BONDY,PCS,"4,990.00","4,990.00"
NIGHTIES LONG,NK1190635,101087,NON B,PCS,"1,990.00","1,990.00"
NIGHTIES LONG,BO001AST,101227,UN KNOWN,PCS,"4,990.00","4,990.00"
NIGHTIES LONG,BO002AST,101228,UN KNOWN,PCS,"4,990.00","4,990.00"
NIGHTIES LONG,DM4229,101296,DIVA MORE,PCS,"1,990.00","1,990.00"
NIGHTIES L+G,NK4006,100043,NON BR,PCS,"4,995.00","4,995.00"
NIGHTIES L+G,NK536,100044,NON BR,PCS,"2,390.00","2,390.00"
NIGHTIES L+G,NK2120,100045,NON BR,PCS,"2,295.00","2,295.00"
NIGHTIES L+G,NK0043,100046,NON BR,PCS,"4,995.00","4,995.00"
NIGHTIES L+G,NK0046,100047,NON BR,PCS,"4,995.00","4,995.00"
NIGHTIES L+G,NK0060,100048,NON BR,PCS,"4,990.00","4,990.00"
NIGHTIES L+G,NK0059,100049,NON BR,PCS,"4,990.00","4,990.00"
NIGHTIES L+G,NK2112,100050,NON BR,PCS,"2,295.00","2,295.00"
NIGHTIES L+G,NK3864,100051,NON BR,PCS,"3,590.00","3,590.00"
NIGHTIES L+G,PC4370,100052,PIER CARDIN,PCS,"12,990.00","12,990.00"
NIGHTIES L+G,V2134,100053,VERSACE,PCS,"9,590.00","9,590.00"
NIGHTIES L+G,BO6369,100054,BONDY,PCS,"6,990.00","6,990.00"
NIGHTIES L+G,BO17228,100055,BONDY,PCS,"5,590.00","5,590.00"
NIGHTIES L+G,NL1620,100056,NILAY,PCS,"8,990.00","8,990.00"
NIGHTIES L+G,NL1630,100057,NILAY,PCS,"8,990.00","8,990.00"
NIGHTIES L+G,NL4360,100058,NILAY,PCS,"7,990.00","7,990.00"
NIGHTIES L+G,NK4050,100101,NON BR,PCS,"3,990.00","3,990.00"
NIGHTIES L+G,PC4360,100250,PIER CARDIN,PCS,"7,990.00","7,990.00"
NIGHTIES L+G,NK0070,100292,NON BR,PCS,"4,290.00","4,290.00"
NIGHTIES L+G,NK0066,100293,NON BR,PCS,"3,990.00","3,990.00"
NIGHTIES L+G,NK0069,100294,NON BR,PCS,"3,990.00","3,990.00"
NIGHTIES L+G,NK3850,100295,NON B,PCS,"3,390.00","3,390.00"
NIGHTIES L+G,NK3894,100296,NON BR,PCS,"3,390.00","3,390.00"
NIGHTIES L+G,NK3861,100297,NON BR,PCS,"3,390.00","3,390.00"
NIGHTIES L+G,NK0078,100320,NON BR,PCS,"4,590.00","4,590.00"
NIGHTIES L+G,NK0075,100321,NON BR,PCS,"4,290.00","4,290.00"
NIGHTIES L+G,NU5192,100431,NURTEKS,PCS,"8,590.00","8,590.00"
NIGHTIES L+G,NU5110,100432,NURTEKS,PCS,"6,590.00","6,590.00"
NIGHTIES L+G,NL1320,100433,NILAY,PCS,"7,290.00","7,290.00"
NIGHTIES L+G,NK0072,100449,NON B,PCS,"4,290.00","4,290.00"
NIGHTIES L+G,NK0097,100450,NON B,PCS,"4,690.00","4,690.00"
NIGHTIES L+G,NK0065,100451,NON BR,PCS,"5,590.00","5,590.00"
NIGHTIES L+G,NU5111,100553,NURTEKS,PCS,"7,590.00","7,590.00"
NIGHTIES L+G,NK0067,100554,NONB,PCS,"3,990.00","3,990.00"
NIGHTIES L+G,R-4115,100555,NONB,PCS,"3,390.00","3,390.00"
NIGHTIES L+G,NU5198,100589,NURTEKS,PCS,"8,990.00","8,990.00"
NIGHTIES L+G,ES295,100590,ESPUAR,PCS,"7,990.00","7,990.00"
NIGHTIES L+G,NK3851,100591,NON B,PCS,"3,995.00","3,995.00"
NIGHTIES L+G,NK3860,100624,NON B,PCS,"3,390.00","3,390.00"
NIGHTIES L+G,NK0095,100625,NON B,PCS,"4,690.00","4,690.00"
NIGHTIES L+G,NK0077,100626,NON B,PCS,"4,290.00","4,290.00"
NIGHTIES L+G,NK04,100627,NON B,PCS,"2,990.00","2,990.00"
NIGHTIES L+G,NL1540,100639,NILAY,PCS,"8,990.00","8,990.00"
NIGHTIES L+G,NK0071,100766,NON B,PCS,"4,290.00","4,290.00"
NIGHTIES L+G,NK0074,100767,NON B,PCS,"4,290.00","4,290.00"
NIGHTIES L+G,NU5114,101020,NURTEKS,PCS,"7,590.00","7,590.00"
NIGHTIES L+G,NU5165,101021,NURTEKS,PCS,"6,990.00","6,990.00"
NIGHTIES L+G,L2899,101024,NON B,PCS,"4,590.00","4,590.00"
NIGHTIES L+G,L2903,101025,NON B,PCS,"4,990.00","4,990.00"
NIGHTIES L+G,JR2911,101151,JERMI,PCS,"9,590.00","9,590.00"
NIGHTIES L+G,NL1380,101152,NILAY,PCS,"8,990.00","8,990.00"
NIGHTIES L+G,IM6203,101180,IMAJ,PCS,"10,990.00","10,990.00"
NIGHTIES L+G,FL011,101223,NON B,PCS,"4,990.00","4,990.00"
NIGHTIES L+G,FL0113,101225,NON B,PCS,"4,990.00","4,990.00"
NIGHTIES L+G,FL0075,101226,NON B,PCS,"4,990.00","4,990.00"
NIGHTIES L+G,FL0111,101235,NON B,PCS,"4,990.00","4,990.00"
NIGHTIES L+G,NL1880,101295,NILAY,PCS,"8,990.00","8,990.00"
NIGHTIES L+G,JR3039,101337,JEREMI,PCS,"10,990.00","10,990.00"
NIGHTIES L+G,NL1870,101338,NILAY,PCS,"8,990.00","8,990.00"
NIGHTIES L+G,L826,101363,NON B,PCS,"5,990.00","5,990.00"
NIGHTIES SHORT,NC1160,100059,NON BR,PCS,"2,095.00","2,095.00"
NIGHTIES SHORT,NCA588599,100060,NON BR,PCS,"1,895.00","1,895.00"
NIGHTIES SHORT,SH845,100061,NON BR,PCS,"1,995.00","1,995.00"
NIGHTIES SHORT,VISELLAMIX,100062,NON BR,PCS,"2,195.00","2,195.00"
NIGHTIES SHORT,NK1784,100063,NON BR,PCS,"1,390.00","1,390.00"
NIGHTIES SHORT,NK0949,100064,NON BR,PCS,"1,390.00","1,390.00"
NIGHTIES SHORT,NK1813,100065,NON BR,PCS,"2,095.00","2,095.00"
NIGHTIES SHORT,BO5365,100066,BONDY,PCS,"3,590.00","3,590.00"
NIGHTIES SHORT,BO5333,100067,BONDY,PCS,"3,050.00","3,050.00"
NIGHTIES SHORT,NL368,100068,NILAY,PCS,"3,250.00","3,250.00"
NIGHTIES SHORT,NL384,100070,NILAY,PCS,"3,250.00","3,250.00"
NIGHTIES SHORT,NL336,100071,NILAY,PCS,"3,250.00","3,250.00"
NIGHTIES SHORT,PC601,100072,PIER CARDIN,PCS,"3,590.00","3,590.00"
NIGHTIES SHORT,PC613,100073,PIER CARDIN,PCS,"3,290.00","3,290.00"
NIGHTIES SHORT,PC627,100074,PIER CARDIN,PCS,"4,990.00","4,990.00"
NIGHTIES SHORT,BO5372,100269,BONDY,PCS,"3,190.00","3,190.00"
NIGHTIES SHORT,NKS15309,100270,NON BR,PCS,"1,490.00","1,490.00"
NIGHTIES SHORT,NK1238,100271,NON BR,PCS,"2,090.00","2,090.00"
NIGHTIES SHORT,NK1239,100323,NON BR,PCS,"2,090.00","2,090.00"
NIGHTIES SHORT,NK2043,100324,NON B,PCS,"1,490.00","1,490.00"
NIGHTIES SHORT,BO5371,100325,BONDY,PCS,"3,190.00","3,190.00"
NIGHTIES SHORT,BO5373,100326,BONDY,PCS,"3,190.00","3,190.00"
NIGHTIES SHORT,PC622,100327,BONDY,PCS,"3,590.00","3,590.00"
NIGHTIES SHORT,NC3808,100401,NON B,PCS,"1,990.00","1,990.00"
NIGHTIES SHORT,NC398,100402,NON B,PCS,"2,090.00","2,090.00"
NIGHTIES SHORT,NU5417,100426,NURTEKS,PCS,"3,990.00","3,990.00"
NIGHTIES SHORT,NL388,100427,NILAY,PCS,"3,250.00","3,250.00"
NIGHTIES SHORT,PC600,100428,PIERE CARDIN,PCS,"3,990.00","3,990.00"
NIGHTIES SHORT,NK1199,100462,NON BR,PCS,"2,090.00","2,090.00"
NIGHTIES SHORT,NKS51,100463,NON BR,PCS,"2,190.00","2,190.00"
NIGHTIES SHORT,NU5424,100471,NURTEKS,PCS,"2,990.00","2,990.00"
NIGHTIES SHORT,NL376,100472,NILAY,PCS,"4,290.00","4,290.00"
NIGHTIES SHORT,PC777,100473,PIER CARDIN,PCS,"3,990.00","3,990.00"
NIGHTIES SHORT,NK8768,100474,NK8768,PCS,"2,090.00","2,090.00"
NIGHTIES SHORT,NK8142,100475,NON BR,PCS,"2,090.00","2,090.00"
NIGHTIES SHORT,NK1228,100476,NON BR,PCS,"2,090.00","2,090.00"
NIGHTIES SHORT,NK525,100517,NONB,PCS,"1,590.00","1,590.00"
NIGHTIES SHORT,NK1219,100518,NONB,PCS,"2,090.00","2,090.00"
NIGHTIES SHORT,NU5444,100519,NURTEKS,PCS,"3,390.00","3,390.00"
NIGHTIES SHORT,NU5441,100520,NURTEKS,PCS,"3,290.00","3,290.00"
NIGHTIES SHORT,NBB3963,100597,NBB,PCS,"3,990.00","3,990.00"
NIGHTIES SHORT,NL338,100598,NILAY,PCS,"3,250.00","3,250.00"
NIGHTIES SHORT,NK1538,100599,NONB,PCS,"1,490.00","1,490.00"
NIGHTIES SHORT,NKT2066,100600,NON B,PCS,"1,490.00","1,490.00"
NIGHTIES SHORT,NU5417BIG,100604,NURTEKS,PCS,"4,290.00","4,290.00"
NIGHTIES SHORT,NK2063,100651,NON B,PCS,"1,490.00","1,490.00"
NIGHTIES SHORT,SH975,100694,NON B,PCS,"1,990.00","1,990.00"
NIGHTIES SHORT,SH964,100695,NON B,PCS,"1,990.00","1,990.00"
NIGHTIES SHORT,VB1123,100699,VELA BELLA,PCS,"3,990.00","3,990.00"
NIGHTIES SHORT,NK1190833,100756,NON B,PCS,"1,990.00","1,990.00"
NIGHTIES SHORT,SH957,100757,NON B,PCS,"1,990.00","1,990.00"
NIGHTIES SHORT,NL424,100857,NILAY,PCS,"4,490.00","4,490.00"
NIGHTIES SHORT,NU5491,100858,NURTEKS,PCS,"3,990.00","3,990.00"
NIGHTIES SHORT,L984,100859,NON B,PCS,"2,190.00","2,190.00"
NIGHTIES SHORT,LIKAMIX,100860,NON B,PCS,"2,090.00","2,090.00"
NIGHTIES SHORT,L7602,100861,NON B,PCS,"2,590.00","2,590.00"
NIGHTIES SHORT,L941,100901,NON B,PCS,"2,490.00","2,490.00"
NIGHTIES SHORT,GO7210,100985,GOLGE,PCS,"4,590.00","4,590.00"
NIGHTIES SHORT,NL382,101016,NILAY,PCS,"4,590.00","4,590.00"
NIGHTIES SHORT,L2859,101026,NON B,PCS,"1,790.00","1,790.00"
NIGHTIES SHORT,L7606,101027,NON B,PCS,"2,590.00","2,590.00"
NIGHTIES SHORT,L969,101028,NON B,PCS,"2,790.00","2,790.00"
NIGHTIES SHORT,LIKA988,101088,NON B,PCS,"2,090.00","2,090.00"
NIGHTIES SHORT,NK1480,101089,NON B,PCS,"1,490.00","1,490.00"
NIGHTIES SHORT,BO5037,101121,BONDY,PCS,"3,995.00","3,995.00"
NIGHTIES SHORT,PC602,101122,PIERE CARDIN,PCS,"4,590.00","4,590.00"
NIGHTIES SHORT,PC635,101123,PIERRE CARDIN,PCS,"4,990.00","4,990.00"
NIGHTIES SHORT,L966,101124,NON B,PCS,"2,790.00","2,790.00"
NIGHTIES SHORT,NK1799,101125,NON B,PCS,"1,990.00","1,990.00"
NIGHTIES SHORT,NK1284,101153,NON B,PCS,"2,190.00","2,190.00"
NIGHTIES SHORT,NL416,101154,NILAY,PCS,"4,290.00","4,290.00"
NIGHTIES SHORT,NY3002,101267,NOYA,PCS,"2,390.00","2,390.00"
NIGHTIES SHORT,L7605,101268,NON B,PCS,"2,590.00","2,590.00"
NIGHTIES SHORT,L2865,101269,NON B,PCS,"1,990.00","1,990.00"
NIGHTIES SHORT,DM6146,101297,DIVA MORE,PCS,"1,590.00","1,590.00"
NIGHTIES SHORT,DM6133,101298,DIVA MORE,PCS,"1,590.00","1,590.00"
NIGHTIES SHORT,S9150,101318,NON B,PCS,"2,490.00","2,490.00"
NIGHTIES SHORT,L2803,101319,NON B,PCS,"1,590.00","1,590.00"
NIGHTIES SHORT,AN5733,101334,ANIL,PCS,"3,590.00","3,590.00"
NIGHTIES S+G,NK0053,100075,NON BR,PCS,"4,395.00","4,395.00"
NIGHTIES S+G,NK8309,100076,NON BR,PCS,"3,990.00","3,990.00"
NIGHTIES S+G,NKAB33,100077,NON BR,PCS,"3,590.00","3,590.00"
NIGHTIES S+G,PC4107,100078,PIER CARDIN,PCS,"7,990.00","7,990.00"
NIGHTIES S+G,PC4105,100079,PIER CARDIN,PCS,"6,590.00","6,590.00"
NIGHTIES S+G,NL1370,100080,NILAY,PCS,"7,590.00","7,590.00"
NIGHTIES S+G,NK6511,100276,NON BR,PCS,"3,590.00","3,590.00"
NIGHTIES S+G,NKAB-33,100319,NON BR,PCS,"3,590.00","3,590.00"
NIGHTIES S+G,NK6318,100403,NON B,PCS,"3,590.00","3,590.00"
NIGHTIES S+G,BO9006,100429,BONDY,PCS,"5,595.00","5,595.00"
NIGHTIES S+G,NL1480,100430,NILAY,PCS,"7,590.00","7,590.00"
NIGHTIES S+G,NK760,100448,NON BR,PCS,"3,590.00","3,590.00"
NIGHTIES S+G,VB2164,100551,VELABELLA,PCS,"9,990.00","9,990.00"
NIGHTIES S+G,PC4285,100552,PIERECARDIN,PCS,"10,590.00","10,590.00"
NIGHTIES S+G,N628,100593,NON B,PCS,"2,590.00","2,590.00"
NIGHTIES S+G,NK1226,100594,NON B,PCS,"3,690.00","3,690.00"
NIGHTIES S+G,CR53233,100595,CAROLINE,PCS,"5,290.00","5,290.00"
NIGHTIES S+G,CR54222BIG,100596,CAROLINE,PCS,"5,690.00","5,690.00"
NIGHTIES S+G,NK628,100601,NONB,PCS,"2,590.00","2,590.00"
NIGHTIES S+G,NU5355,100603,NURTEKS,PCS,"8,690.00","8,690.00"
NIGHTIES S+G,NK687,100628,NON B,PCS,"2,890.00","2,890.00"
NIGHTIES S+G,PC4090,100629,PIERRE CARDIN,PCS,"10,590.00","10,590.00"
NIGHTIES S+G,NU5386,100630,NURTEKS,PCS,"6,990.00","6,990.00"
NIGHTIES S+G,NK72309,100650,NON B,PCS,"4,590.00","4,590.00"
NIGHTIES S+G,NU5344,100700,NURTEKS,PCS,"7,590.00","7,590.00"
NIGHTIES S+G,BO6002,100701,BONDY,PCS,"7,590.00","7,590.00"
NIGHTIES S+G,NU5396,100702,NURTEKS,PCS,"6,590.00","6,590.00"
NIGHTIES S+G,NK689,100755,NON B,PCS,"2,890.00","2,890.00"
NIGHTIES S+G,NU5319,100862,NURTEKS,PCS,"7,990.00","7,990.00"
NIGHTIES S+G,NU5309,100863,NURTEKS,PCS,"7,990.00","7,990.00"
NIGHTIES S+G,NK309,100864,NON B,PCS,"3,490.00","3,490.00"
NIGHTIES S+G,BO6373,100927,BONDY,PCS,"6,690.00","6,690.00"
NIGHTIES S+G,PC4201,100979,PIERE CARDIN,PCS,"8,990.00","8,990.00"
NIGHTIES S+G,NBB3928,100981,NBB,PCS,"5,690.00","5,690.00"
NIGHTIES S+G,NU5332,100984,NURTEKS,PCS,"6,590.00","6,590.00"
NIGHTIES S+G,F1187,101011,NON B,PCS,"3,590.00","3,590.00"
NIGHTIES S+G,FS8385,101012,NON B,PCS,"4,590.00","4,590.00"
NIGHTIES S+G,S8379,101050,NON B,PCS,"4,990.00","4,990.00"
NIGHTIES S+G,S8385,101051,NON B,PCS,"4,990.00","4,990.00"
NIGHTIES S+G,F1226,101052,NON B,PCS,"3,990.00","3,990.00"
NIGHTIES S+G,L92435,101063,NON B,PCS,"2,590.00","2,590.00"
NIGHTIES S+G,NL1760,101126,NILAY,PCS,"8,590.00","8,590.00"
NIGHTIES S+G,PC4240,101127,PIERRE CARDIN,PCS,"10,590.00","10,590.00"
NIGHTIES S+G,NK001,101128,NON B,PCS,"3,590.00","3,590.00"
NIGHTIES S+G,S8381,101129,NON B,PCS,"4,990.00","4,990.00"
NIGHTIES S+G,S8383,101148,NON B,PCS,"4,990.00","4,990.00"
NIGHTIES S+G,NK22309,101149,NON B,PCS,"3,990.00","3,990.00"
NIGHTIES S+G,F3036,101150,NON B,PCS,"3,990.00","3,990.00"
NIGHTIES S+G,IM6213,101181,IMAJ,PCS,"9,990.00","9,990.00"
NIGHTIES S+G,IM6204,101182,IMAJ,PCS,"9,990.00","9,990.00"
NIGHTIES S+G,L2898,101203,NON B,PCS,"4,490.00","4,490.00"
NIGHTIES S+G,FL748,101218,NON B,PCS,"3,690.00","3,690.00"
NIGHTIES S+G,FL750,101219,NON B,PCS,"3,690.00","3,690.00"
NIGHTIES S+G,NU5320,101252,NURTEKS,PCS,"8,590.00","8,590.00"
NIGHTIES S+G,NU5351,101253,NURTEKS,PCS,"8,390.00","8,390.00"
NIGHTIES S+G,PC4025,101254,PIERE CARDIN,PCS,"10,590.00","10,590.00"
NIGHTIES S+G,S8371,101271,NON B,PCS,"4,990.00","4,990.00"
NIGHTIES S+G,FL747,101272,NON B,PCS,"3,690.00","3,690.00"
NIGHTIES S+G,L22898,101273,NON B,PCS,"4,490.00","4,490.00"
NIGHTIES S+G,L825,101317,NON B,PCS,"3,990.00","3,990.00"
NIGHTIES S+G,PC4170,101335,PIERE CARDIN,PCS,"8,990.00","8,990.00"
NIGHTIES S+G,PC4350,101336,PIERE CARDIN,PCS,"8,990.00","8,990.00"
NIGHTIES S+G,S6650,101364,NON B,PCS,"4,590.00","4,590.00"
NIGHTIES S+G,L76087611,101365,NON B,PCS,"4,990.00","4,990.00"
NIGHTIES PSS,NK0052,100081,NON BR,PCS,"3,090.00","3,090.00"
NIGHTIES PSS,NK2113,100082,NON BR,PCS,"1,995.00","1,995.00"
NIGHTIES PSS,NK549,100083,NON BR,PCS,"1,995.00","1,995.00"
NIGHTIES PSS,NK547,100084,NON BR,PCS,"1,995.00","1,995.00"
NIGHTIES PSS,NK2125,100085,NON BR,PCS,"1,995.00","1,995.00"
NIGHTIES PSS,V3127,100086,VERSACE,PCS,"10,500.00","10,500.00"
NIGHTIES PSS,V3113,100087,VERSACE,PCS,"9,590.00","9,590.00"
NIGHTIES PSS,NL1040,100088,NILAY,PCS,"5,590.00","5,590.00"
NIGHTIES PSS,NL1150,100089,NILAY,PCS,"5,590.00","5,590.00"
NIGHTIES PSS,PC1160,100090,PIERE CARDIN,PCS,"7,990.00","7,990.00"
NIGHTIES PSS,PC1140,100091,PIER CARDIN,PCS,"7,990.00","7,990.00"
NIGHTIES PSS,NK617,100272,NON BR,PCS,"1,890.00","1,890.00"
NIGHTIES PSS,NK612,100273,NON BR,PCS,"1,890.00","1,890.00"
NIGHTIES PSS,NK610,100274,NON BR,PCS,"2,290.00","2,290.00"
NIGHTIES PSS,NK613,100275,NON BR,PCS,"1,890.00","1,890.00"
NIGHTIES PSS,NK615,100298,NON BR,PCS,"2,190.00","2,190.00"
NIGHTIES PSS,NK608,100299,NON BR,PCS,"2,190.00","2,190.00"
NIGHTIES PSS,NK618,100300,NON BR,PCS,"1,990.00","1,990.00"
NIGHTIES PSS,NK611,100322,NON BR,PCS,"2,190.00","2,190.00"
NIGHTIES PSS,NU5692,100362,NURTEKS,PCS,"6,990.00","6,990.00"
NIGHTIES PSS,NU5909,100405,NURTEKS,PCS,"8,990.00","8,990.00"
NIGHTIES PSS,NK644,100408,NON B,PCS,"1,990.00","1,990.00"
NIGHTIES PSS,NK801,100409,NON B,PCS,"1,890.00","1,890.00"
NIGHTIES PSS,NU5809,100434,NURTEKS,PCS,"4,990.00","4,990.00"
NIGHTIES PSS,NU5942,100435,NURTEKS,PCS,"8,390.00","8,390.00"
NIGHTIES PSS,RO4159,100464,NON BR,PCS,"1,990.00","1,990.00"
NIGHTIES PSS,RO4115,100465,NON BR,PCS,"1,990.00","1,990.00"
NIGHTIES PSS,NK638,100466,NON BR,PCS,"1,990.00","1,990.00"
NIGHTIES PSS,NK614,100526,NONB,PCS,"1,990.00","1,990.00"
NIGHTIES PSS,BO9002,100527,BONDY,PCS,"4,990.00","4,990.00"
NIGHTIES PSS,NU5935,100571,NURTEKS,PCS,"7,590.00","7,590.00"
NIGHTIES PSS,NU5665,100634,NURTEKS,PCS,"6,990.00","6,990.00"
NIGHTIES PSS,NK673,100635,NON B,PCS,"2,250.00","2,250.00"
NIGHTIES PSS,NK684,100636,NON B,PCS,"2,350.00","2,350.00"
NIGHTIES PSS,NK680,100637,NON B,PCS,"3,250.00","3,250.00"
NIGHTIES PSS,NK681,100638,NON B,PCS,"3,250.00","3,250.00"
NIGHTIES PSS,NK674,100640,NON B,PCS,"2,250.00","2,250.00"
NIGHTIES PSS,NKI673,100654,NON B,PCS,"2,250.00","2,250.00"
NIGHTIES PSS,NK676,100655,NON B,PCS,"2,250.00","2,250.00"
NIGHTIES PSS,NK675,100656,NON B,PCS,"2,590.00","2,590.00"
NIGHTIES PSS,NK677,100692,NON B,PCS,"2,250.00","2,250.00"
NIGHTIES PSS,NK697,100693,NON B,PCS,"1,950.00","1,950.00"
NIGHTIES PSS,NK702,100821,NON B,PCS,"3,250.00","3,250.00"
NIGHTIES PSS,NK699,100822,NON B,PCS,"2,250.00","2,250.00"
NIGHTIES PSS,JR2910,100851,JEREMI,PCS,"8,990.00","8,990.00"
NIGHTIES PSS,NU5919,100852,NURTEKS,PCS,"8,990.00","8,990.00"
NIGHTIES PSS,NU5691,100853,NURTEKS,PCS,"6,990.00","6,990.00"
NIGHTIES PSS,NU5689,100854,NURTEKS,PCS,"6,590.00","6,590.00"
NIGHTIES PSS,FL716,100855,NON B,PCS,"2,990.00","2,990.00"
NIGHTIES PSS,NK692,100856,NON B,PCS,"1,950.00","1,950.00"
NIGHTIES PSS,NK719,100923,NON B,PCS,"2,990.00","2,990.00"
NIGHTIES PSS,G1277,100924,NON B,PCS,"3,990.00","3,990.00"
NIGHTIES PSS,NU5675,100961,NURTEKS,PCS,"5,290.00","5,290.00"
NIGHTIES PSS,PC1100,101013,PIERE CARDIN,PCS,"7,990.00","7,990.00"
NIGHTIES PSS,NU5619,101014,NURTEKS,PCS,"8,990.00","8,990.00"
NIGHTIES PSS,NU5922,101015,NURTEKS,PCS,"8,990.00","8,990.00"
NIGHTIES PSS,NU5656,101023,NURTEKS,PCS,"6,490.00","6,490.00"
NIGHTIES PSS,FL719,101083,NON B,PCS,"2,990.00","2,990.00"
NIGHTIES PSS,FL703,101084,NON B,PCS,"3,250.00","3,250.00"
NIGHTIES PSS,FL702,101085,NON B,PCS,"3,250.00","3,250.00"
NIGHTIES PSS,L2882,101086,NON B,PCS,"2,490.00","2,490.00"
NIGHTIES PSS,NK200,101155,NON B,PCS,"3,250.00","3,250.00"
NIGHTIES PSS,NU5997,101156,NURTEEKS,PCS,"8,990.00","8,990.00"
NIGHTIES PSS,AYDO14054,101179,AYDOGAN,PCS,"5,990.00","5,990.00"
NIGHTIES PSS,NU5921,101183,NURTEKS,PCS,"8,990.00","8,990.00"
NIGHTIES PSS,FL763,101216,NON B,PCS,"3,790.00","3,790.00"
NIGHTIES PSS,FL762,101217,NON B,PCS,"3,790.00","3,790.00"
NIGHTIES PSS,FL755,101220,NON B,PCS,"2,990.00","2,990.00"
NIGHTIES PSS,FL726,101221,NON B,PCS,"2,290.00","2,290.00"
NIGHTIES PSS,FL753,101222,NON B,PCS,"2,990.00","2,990.00"
NIGHTIES PSS,FL757,101224,NON B,PCS,"2,590.00","2,590.00"
NIGHTIES PSS,SL210,101233,NON B,PCS,"2,990.00","2,990.00"
NIGHTIES PSS,FL765,101270,NON B,PCS,"3,790.00","3,790.00"
NIGHTIES PSS,IM2247,101294,IMAJ,PCS,"6,990.00","6,990.00"
NIGHTIES PSS,AN9606,101339,ANIL,PCS,"3,790.00","3,790.00"
NIGHTIES PSS,PC1121,101340,PIERE CARDIN,PCS,"7,990.00","7,990.00"
NIGHTIES PSS,FL761,101341,NON B,PCS,"3,790.00","3,790.00"
NIGHTIES PSS,NK757,101372,NON B,PCS,"2,590.00","2,590.00"
NIGHTIES PSS,FL752,101373,NON B,PCS,"2,990.00","2,990.00"
NIGHTIES PSC,HHSF0581,100092,HAPPY,PCS,"1,995.00","1,995.00"
NIGHTIES PSC,HHS061581,100093,HAPPY,PCS,"1,795.00","1,795.00"
NIGHTIES PSC,YIMIX,100094,YENI INCI,PCS,"2,990.00","2,990.00"
NIGHTIES PSC,ANHSMIX,100096,ANIL,PCS,"3,090.00","3,090.00"
NIGHTIES PSC,USPMIXLP,100097,USPOLO,PCS,"4,095.00","4,095.00"
NIGHTIES PSC,AYDOSHORTS,100098,AYDOGAN,PCS,"2,595.00","2,595.00"
NIGHTIES PSC,AYDOMIX,100301,AYDOGAN,PCS,"3,590.00","3,590.00"
NIGHTIES PSC,AYDOMIXBIG-FS,100328,AYDOGAN,PCS,"3,450.00","3,450.00"
NIGHTIES PSC,NBBMIX-FS,100329,NBB,PCS,"3,590.00","3,590.00"
NIGHTIES PSC,AYDOFSMIX,100381,AYDOGAN,PCS,0.00,"3,190.00"
NIGHTIES PSC,HHSO61581,100410,NON B,PCS,"1,795.00","1,795.00"
NIGHTIES PSC,HHSFOBIG,100411,NON B,PCS,"2,690.00","2,690.00"
NIGHTIES PSC,HHSRNBIG,100412,NON B,PCS,"1,895.00","1,895.00"
NIGHTIES PSC,HFSFOBIG,100413,NON B,PCS,"2,095.00","2,095.00"
NIGHTIES PSC,HFSRN,100436,HAPPY,PCS,"1,895.00","1,895.00"
NIGHTIES PSC,HHSFO581,100477,HAPPY,PCS,"2,390.00","2,390.00"
NIGHTIES PSC,DVMIX,100523,DEVINO,PCS,"2,890.00","2,890.00"
NIGHTIES PSC,LS384BIG,100524,LADYSHINE,PCS,"3,990.00","3,990.00"
NIGHTIES PSC,AYDOBIG,100525,AYDOGAN,PCS,"3,350.00","3,350.00"
NIGHTIES PSC,AN9512,100583,ANIL,PCS,"3,390.00","3,390.00"
NIGHTIES PSC,DV2024BIG,100664,DEVINO,PCS,"3,120.00","3,120.00"
NIGHTIES PSC,DV2574,100665,DEVINO,PCS,"2,990.00","2,990.00"
NIGHTIES PSC,HRN,100704,HAPPY,PCS,"2,490.00","2,490.00"
NIGHTIES PSC,HFO,100771,HAPPY,PCS,"2,490.00","2,490.00"
NIGHTIES PSC,T200211,100772,TILSIM,PCS,"3,290.00","3,290.00"
NIGHTIES PSC,ITMIX,100773,IPEKTEN,PCS,"3,290.00","3,290.00"
NIGHTIES PSC,AN9518,100782,ANIL,PCS,"3,590.00","3,590.00"
NIGHTIES PSC,F6118,100783,NON B,PCS,650.00,650.00
NIGHTIES PSC,AYDOMIXBIG-HS,100808,AYDOGAN,PCS,"3,790.00","3,790.00"
NIGHTIES PSC,AN9506,100843,ANIL,PCS,"3,590.00","3,590.00"
NIGHTIES PSC,DS13850,100906,DEEP SLEEP,PCS,"2,490.00","2,490.00"
NIGHTIES PSC,NBB66014F,100907,NBB,PCS,"3,590.00","3,590.00"
NIGHTIES PSC,DV,100908,DEVINO,PCS,"3,190.00","3,190.00"
NIGHTIES PSC,DV2025,100910,DEVINO,PCS,"3,190.00","3,190.00"
NIGHTIES PSC,L0760,100916,NON B,PCS,"2,990.00","2,990.00"
NIGHTIES PSC,L848FO,100917,NON B,PCS,"1,990.00","1,990.00"
NIGHTIES PSC,LOO7RN,100918,NON B,PCS,"1,990.00","1,990.00"
NIGHTIES PSC,L138K,100919,NON B,PCS,"2,990.00","2,990.00"
NIGHTIES PSC,L8311,100920,NON B,PCS,"2,490.00","2,490.00"
NIGHTIES PSC,L831,100925,NON B,PCS,"2,490.00","2,490.00"
NIGHTIES PSC,LB1018,100962,LINGA BOOM,PCS,"3,590.00","3,590.00"
NIGHTIES PSC,DEVINOMIXBIG,101002,DEVINO,PCS,"3,190.00","3,190.00"
NIGHTIES PSC,AYDOMIXBIG,101003,AYDOGAN,PCS,"3,790.00","3,790.00"
NIGHTIES PSC,LB1006,101004,LINGABOOM,PCS,"3,790.00","3,790.00"
NIGHTIES PSC,LB1036,101005,LINGABOOM,PCS,"3,990.00","3,990.00"
NIGHTIES PSC,LB1025,101006,LINGABOOM,PCS,"3,990.00","3,990.00"
NIGHTIES PSC,LB1001,101007,LINGABOOM,PCS,"3,790.00","3,790.00"
NIGHTIES PSC,NBBMIX,101008,NBB,PCS,"3,590.00","3,590.00"
NIGHTIES PSC,LB1029,101009,LINGABOOM,PCS,"4,590.00","4,590.00"
NIGHTIES PSC,DS13191,101076,DEEP SLEEP,PCS,"2,990.00","2,990.00"
NIGHTIES PSC,L007RN,101082,NON B,PCS,"1,990.00","1,990.00"
NIGHTIES PSC,AN9510,101091,ANIL,PCS,"3,790.00","3,790.00"
NIGHTIES PSC,AN9589,101092,ANIL,PCS,"3,790.00","3,790.00"
NIGHTIES PSC,AN9582,101093,ANIL,PCS,"3,790.00","3,790.00"
NIGHTIES PSC,AY9324,101094,AYDOGAN,PCS,"3,590.00","3,590.00"
NIGHTIES PSC,EL3019BIG,101095,ELITOL,PCS,"3,790.00","3,790.00"
NIGHTIES PSC,LS59459BIG,101096,LADY SHINE,PCS,"3,990.00","3,990.00"
NIGHTIES PSC,EL2097,101157,ELITOL,PCS,"3,590.00","3,590.00"
NIGHTIES PSC,IP4762,101158,IPEKTEN,PCS,"3,990.00","3,990.00"
NIGHTIES PSC,AYDO4739B,101159,AYDOGAN,PCS,"3,990.00","3,990.00"
NIGHTIES PSC,EL2165B,101160,ELITOL,PCS,"3,790.00","3,790.00"
NIGHTIES PSC,SM001,101169,STIL MODA,PCS,"2,990.00","2,990.00"
NIGHTIES PSC,SU1048,101175,SUDE,PCS,"2,990.00","2,990.00"
NIGHTIES PSC,AYDOMIXFS,101176,AYDOGAN,PCS,"3,790.00","3,790.00"
NIGHTIES PSC,AYDO739B,101177,AYDOGAN,PCS,"3,990.00","3,990.00"
NIGHTIES PSC,EL216539B,101178,ELITOL,PCS,"3,990.00","3,990.00"
NIGHTIES PSC,EL3016,101245,ELITOL,PCS,"3,290.00","3,290.00"
NIGHTIES PSC,EL3061,101246,ELITOL,PCS,"3,290.00","3,290.00"
NIGHTIES PSC,AYDO9032,101247,AYDOGAN,PCS,"3,390.00","3,390.00"
NIGHTIES PSC,AYDO4041,101248,AYDOGAN,PCS,"3,390.00","3,390.00"
NIGHTIES PSC,EL3070,101249,ELITOL,PCS,"3,690.00","3,690.00"
NIGHTIES PSC,AYDO9041,101255,AYDOGAN,PCS,"3,390.00","3,390.00"
NIGHTIES PSC,EL3019B,101257,ELITOL,PCS,"3,690.00","3,690.00"
NIGHTIES PSC,IP618FO,101299,IPEKTEN,PCS,"3,990.00","3,990.00"
NIGHTIES PSC,K501,101300,KILLIC,PCS,"2,990.00","2,990.00"
NIGHTIES PSC,SM3054,101301,STILL MODA,PCS,"3,150.00","3,150.00"
NIGHTIES PSC,SU1018,101325,SUDE,PCS,"3,250.00","3,250.00"
NIGHTIES PSC,SU1016,101326,SUDE,PCS,"3,250.00","3,250.00"
NIGHTIES PSC,AN9604,101327,ANIL,PCS,"3,590.00","3,590.00"
NIGHTIES PSC,AYDO4466,101328,AYDOGAN,PCS,"3,790.00","3,790.00"
NIGHTIES PSC,AYDO4455,101329,AYDOGAN,PCS,"3,790.00","3,790.00"
NIGHTIES PSC,LB001,101330,LINGABOOM,PCS,"3,590.00","3,590.00"
NIGHTIES PSC,LB1010,101331,LINGABOOM,PCS,"3,590.00","3,590.00"
NIGHTIES PSC,LB1007,101332,LINGABOOM,PCS,"3,590.00","3,590.00"
NIGHTIES PSC,AYDO16007,101333,AYDOGAN,PCS,"3,990.00","3,990.00"
NIGHTIES PSC,AL5739,101366,ALISSA,PCS,"4,490.00","4,490.00"
NIGHTIES PSC,AL5721,101367,ALISSA,PCS,"4,490.00","4,490.00"
NIGHTIES PSC,AYDO4511,101368,AYDOGAN,PCS,"3,990.00","3,990.00"
NIGHTIES 3 PCS,NK3882,100099,NON BR,PCS,"3,995.00","3,995.00"
NIGHTIES 4 PCS,NK4160,100100,NON BR,PCS,"5,590.00","5,590.00"
BUSTIYER,YI2702,100102,YENI INCI,PCS,"6,850.00","6,850.00"
BUSTIYER,PC4487,100103,PIER CARDIN,PCS,"8,990.00","8,990.00"
BUSTIYER,AN5575,100104,ANIL,PCS,"6,990.00","6,990.00"
BUSTIYER,GO5660,101282,GOLGE,PCS,"6,590.00","6,590.00"
BRA SET,SBDSUD3013,100213,SABINA,PCS,"6,190.00","6,190.00"
BRA SET,SBISUI727,100214,SABINA,PCS,"3,500.00","3,500.00"
BRA SET,SBISUI812,100215,SABINA,PCS,"3,115.00","3,115.00"
BRA SET,SBISUI822,100216,SABINA,PCS,"3,185.00","3,185.00"
BRA SET,SBISUI777,100217,SABINA,PCS,"3,500.00","3,500.00"
BRA SET,SBISUI667,100218,SABINA,PCS,"5,390.00","5,390.00"
BRA SET,KK161,100219,CANSOY,PCS,"1,390.00","1,390.00"
BRA SET,KK155,100220,CANSOY,PCS,"1,490.00","1,490.00"
BRA SET,KK153PU,100221,CANSOY,PCS,"1,890.00","1,890.00"
BRA SET,NKVS135,100222,NON BR,PCS,"1,995.00","1,995.00"
BRA SET,GO4715,100223,GOLGE,PCS,"2,490.00","2,490.00"
BRA SET,GO4705,100224,GOLGE,PCS,"2,490.00","2,490.00"
BRA SET,GO4650,100225,GOLGE,PCS,"2,790.00","2,790.00"
BRA SET,GO4740,100226,GOLGE,PCS,"4,390.00","4,390.00"
BRA SET,GO4750,100227,GOLGE,PCS,"3,950.00","3,950.00"
BRA SET,GO4610,100228,GOLGE,PCS,"2,590.00","2,590.00"
BRA SET,GO4565,100229,GOLGE,PCS,"2,190.00","2,190.00"
BRA SET,GO4555,100230,GOLGE,PCS,"2,490.00","2,490.00"
BRA SET,GO4530,100231,GOLGE,PCS,"2,790.00","2,790.00"
BRA SET,GO4725,100232,GOLGE,PCS,"2,490.00","2,490.00"
BRA SET,AN4686,100233,ANIL,PCS,"3,590.00","3,590.00"
BRA SET,AN4613,100234,ANIL,PCS,"2,990.00","2,990.00"
BRA SET,PC4030,100235,PIER CARDIN,PCS,"2,890.00","2,890.00"
BRA SET,PC4511PU,100236,PIER CARDIN,PCS,"3,590.00","3,590.00"
BRA SET,PC4566,100237,PIER CARDIN,PCS,"3,350.00","3,350.00"
BRA SET,PC4020PU,100238,PIER CARDIN,PCS,"3,350.00","3,350.00"
BRA SET,PC4565PU,100239,PIER CARDIN,PCS,"2,990.00","2,990.00"
BRA SET,PC4563PU,100240,PIER CARDIN,PCS,"3,350.00","3,350.00"
BRA SET,PC4561PU,100241,PIER CARDIN,PCS,"3,350.00","3,350.00"
BRA SET,PC4562,100242,PIER CARDIN,PCS,"3,350.00","3,350.00"
BRA SET,NK7338593,100357,NON BR,PCS,"1,250.00","1,250.00"
BRA SET,NK1889,100358,NON BR,PCS,"1,250.00","1,250.00"
BRA SET,GO4600PU,100383,GOLGE,PCS,"3,190.00","3,190.00"
BRA SET,PCDEVON,100384,PIERE CARDIN,PCS,"3,350.00","3,350.00"
BRA SET,PC4491,100385,PIERE CARDIN,PCS,"3,350.00","3,350.00"
BRA SET,PC4560,100386,PIERE CARDIN,PCS,"3,350.00","3,350.00"
BRA SET,PC4503,100387,PIRERE CARDIN,PCS,"3,350.00","3,350.00"
BRA SET,GO4596,100388,GOLGE,PCS,"2,590.00","2,590.00"
BRA SET,GO4670,100389,GOLGE,PCS,"2,190.00","2,190.00"
BRA SET,NK7704,100390,NON B,PCS,"1,290.00","1,290.00"
BRA SET,NK7338,100391,NON B,PCS,"1,095.00","1,095.00"
BRA SET,SH102-133,100392,NON B,PCS,"1,090.00","1,090.00"
BRA SET,NU4321,100406,NURTEKS,PCS,"3,790.00","3,790.00"
BRA SET,NU4040,100407,NURTEKS,PCS,"3,490.00","3,490.00"
BRA SET,GO4595,100421,GOLGE,PCS,"2,590.00","2,590.00"
BRA SET,PC4491PU,100422,PIERE CARDIN,PCS,"2,990.00","2,990.00"
BRA SET,PC4564,100423,PIERE CARDIN,PCS,"3,350.00","3,350.00"
BRA SET,GO4600,100447,GOLGE,PCS,"3,190.00","3,190.00"
BRA SET,GO4531,100482,GOLGE,PCS,"2,790.00","2,790.00"
BRA SET,NK9051,100483,NON BR,PCS,"1,390.00","1,390.00"
BRA SET,NK8900,100484,NON BR,PCS,"1,290.00","1,290.00"
BRA SET,NK3516,100485,NON BR,PCS,"1,190.00","1,190.00"
BRA SET,SPRITE592,100486,NON BR,PCS,890.00,890.00
BRA SET,BO8002,100509,BONDY,PCS,"3,590.00","3,590.00"
BRA SET,SCM,100510,SCM,PCS,"2,490.00","2,490.00"
BRA SET,SCM10008,100511,SCM,PCS,"1,990.00","1,990.00"
BRA SET,SCM10002,100512,SCM,PCS,"1,590.00","1,590.00"
BRA SET,NKI1922057,100562,NONB,PCS,"1,290.00","1,290.00"
BRA SET,NU4485,100563,NURTEKS,PCS,"3,790.00","3,790.00"
BRA SET,AN4637,100564,ANIL,PCS,"3,590.00","3,590.00"
BRA SET,HBLHUL515,100565,SABINA,PCS,"2,310.00","2,310.00"
BRA SET,HBLHUL516,100566,SABINA,PCS,"2,310.00","2,310.00"
BRA SET,HBLHUL508,100567,SABINA,PCS,"2,145.00","2,145.00"
BRA SET,NK1922057,100572,NONB,PCS,"1,290.00","1,290.00"
BRA SET,SCM10048,100587,SCM,PCS,"1,890.00","1,890.00"
BRA SET,HBLHUL533,100588,SABINA,PCS,"2,520.00","2,520.00"
BRA SET,PC4511,100614,PIERRE CARDIN,PCS,"3,590.00","3,590.00"
BRA SET,NK5047,100615,NON B,PCS,"1,390.00","1,390.00"
BRA SET,NK1036,100616,NON B,PCS,"1,390.00","1,390.00"
BRA SET,FLASSORT594,100641,NON B,PCS,"1,990.00","1,990.00"
BRA SET,NK21232054,100793,NON B,PCS,"1,350.00","1,350.00"
BRA SET,NK1232054,100795,NON B,PCS,"1,350.00","1,350.00"
BRA SET,H1610,100826,NON B,PCS,"1,390.00","1,390.00"
BRA SET,E1905,100827,NON B,PCS,"1,390.00","1,390.00"
BRA SET,E1906,100828,NON B,PCS,"1,490.00","1,490.00"
BRA SET,HBLHUL548,100870,SABINA,PCS,"2,535.00","2,535.00"
BRA SET,HBLHUL544,100871,SABINA,PCS,"2,340.00","2,340.00"
BRA SET,HBLNHULN549,100872,SABINA,PCS,"2,535.00","2,535.00"
BRA SET,HBLHUL534,100873,SABINA,PCS,"2,520.00","2,520.00"
BRA SET,GO7200,100874,GOLGE,PCS,"4,390.00","4,390.00"
BRA SET,AN4727,100875,ANIL,PCS,"3,190.00","3,190.00"
BRA SET,NU4318,100876,NURTEKS,PCS,"3,590.00","3,590.00"
BRA SET,NU4430,100877,NURTEKS,PCS,"3,590.00","3,590.00"
BRA SET,NU4591,100878,NURTEKS,PCS,"3,590.00","3,590.00"
BRA SET,NU4487,100879,NURTEKS,PCS,"3,990.00","3,990.00"
BRA SET,KK300,100880,CONSOY,PCS,"1,490.00","1,490.00"
BRA SET,E1908,100911,NON B,PCS,"1,390.00","1,390.00"
BRA SET,E18015,100912,NON B,PCS,"1,390.00","1,390.00"
BRA SET,AN4743,100934,ANIL,PCS,"5,990.00","5,990.00"
BRA SET,AN4728,100935,ANIL,PCS,"3,590.00","3,590.00"
BRA SET,PC4615,100936,PIERRE CARDIN,PCS,"4,590.00","4,590.00"
BRA SET,NU3512,100937,NURTEKS,PCS,"7,590.00","7,590.00"
BRA SET,NU3519,100938,NURTEKS,PCS,"6,990.00","6,990.00"
BRA SET,AN4692,100939,ANIL,PCS,"3,590.00","3,590.00"
BRA SET,AN5588,100940,ANIL,PCS,"4,990.00","4,990.00"
BRA SET,E1707,100941,NON B,PCS,"1,190.00","1,190.00"
BRA SET,H6009,100942,NON B,PCS,"1,390.00","1,390.00"
BRA SET,C17019,100943,NON B,PCS,"1,390.00","1,390.00"
BRA SET,GOMONIKA,100986,GOLGE,PCS,"2,990.00","2,990.00"
BRA SET,H7724,100989,NON B,PCS,"1,490.00","1,490.00"
BRA SET,C17020,100990,NON B,PCS,"1,390.00","1,390.00"
BRA SET,CANSOY177,100991,NON B,PCS,"1,190.00","1,190.00"
BRA SET,NK2889544,100992,NON B,PCS,"1,190.00","1,190.00"
BRA SET,CAN200S,100993,NON B,PCS,"1,190.00","1,190.00"
BRA SET,MIXASS,101017,NON B,PCS,"1,990.00","1,990.00"
BRA SET,KK177,101018,NON B,PCS,"1,190.00","1,190.00"
BRA SET,NU4432,101038,NURTEKS,PCS,"3,290.00","3,290.00"
BRA SET,NU4532,101039,NURTEKS,PCS,"3,490.00","3,490.00"
BRA SET,NZ222,101040,NAZIK,PCS,"1,090.00","1,090.00"
BRA SET,NZ111,101041,NAZIK,PCS,"1,190.00","1,190.00"
BRA SET,KK191,101042,CANSOY,PCS,"1,390.00","1,390.00"
BRA SET,E1921,101090,NON B,PCS,"1,450.00","1,450.00"
BRA SET,E1938,101114,NON B,PCS,"1,450.00","1,450.00"
BRA SET,E1924,101115,NON B,PCS,"1,290.00","1,290.00"
BRA SET,HBLPHULP545,101116,SABINA,PCS,"2,535.00","2,535.00"
BRA SET,HBLPHULP1005,101117,SABINA,PCS,"2,925.00","2,925.00"
BRA SET,HBLHUL513,101118,SABINA,PCS,"2,520.00","2,520.00"
BRA SET,E1930,101147,NON B,PCS,"1,390.00","1,390.00"
BRA SET,NU4385,101166,NURTEKS,PCS,"3,790.00","3,790.00"
BRA SET,NU4440,101167,NURTEKS,PCS,"3,590.00","3,590.00"
BRA SET,NU4491,101168,NURTEKS,PCS,"3,590.00","3,590.00"
BRA SET,ADRIANA,101184,ORKIDE,PCS,"2,790.00","2,790.00"
BRA SET,EMANUEL,101185,ORKIDE,PCS,"2,490.00","2,490.00"
BRA SET,GO4720,101207,GOLGE,PCS,"2,990.00","2,990.00"
BRA SET,KK173,101230,CANSOY,PCS,"1,390.00","1,390.00"
BRA SET,E1939,101237,NON B,PCS,"1,350.00","1,350.00"
BRA SET,CA17004,101238,NON B,PCS,"1,390.00","1,390.00"
BRA SET,NU4340,101250,NURTEEKS,PCS,"3,590.00","3,590.00"
BRA SET,GO9700,101251,GOLGE,PCS,"3,790.00","3,790.00"
BRA SET,NU4530,101274,NURTEKS,PCS,"3,490.00","3,490.00"
BRA SET,E1932,101283,NON B,PCS,"1,290.00","1,290.00"
BRA SET,E1922,101284,NON B,PCS,"1,390.00","1,390.00"
BRA SET,GO9300,101285,GOLGE,PCS,"2,890.00","2,890.00"
BRA SET,E1907,101313,NON B,PCS,"1,350.00","1,350.00"
BRA SET,GO8900,101320,GOLGE,PCS,"2,990.00","2,990.00"
BRA SET,GO8300,101321,GOLGE,PCS,"3,190.00","3,190.00"
BRA SET,GO9500,101322,GOLGE,PCS,"2,990.00","2,990.00"
BRA SET,AN4774,101323,ANIL,PCS,"3,990.00","3,990.00"
BRA SET,E1945,101355,NON B,PCS,"1,550.00","1,550.00"
BRA SET,NU4334,101369,NURTEKS,PCS,"3,990.00","3,990.00"
BRA SET,NU4412,101370,NURTEKS,PCS,"3,990.00","3,990.00"
BRA SET,NU4434,101371,NURTEKS,PCS,"3,990.00","3,990.00"
BRA SET,VS061,101376,VICTORIA SECRET,PCS,"2,990.00","2,990.00"
CONTROLING BELT,MF34378,100113,MISSFIT,PCS,990.00,990.00
CROPTOP (STARTER),SHB077,100115,NON BR,PCS,650.00,650.00
CROPTOP (STARTER),SH1289,100116,NON BR,PCS,700.00,700.00
CROPTOP (STARTER),VG2802,100117,NON BR,PCS,500.00,500.00
CROPTOP (STARTER),VG2805,100118,NON BR,PCS,500.00,500.00
CROPTOP (STARTER),A444,100119,NON BR,PCS,300.00,300.00
CROPTOP (STARTER),A333,100120,NON BR,PCS,300.00,300.00
CROPTOP (STARTER),MF1503,100191,MISSFIT,PCS,800.00,800.00
CROPTOP (STARTER),VG894,100279,NON BR,PCS,500.00,500.00
CROPTOP (STARTER),VG999,100280,NON BR,PCS,500.00,500.00
CROPTOP (STARTER),SBC356,100344,SABINA,PCS,"1,435.00","1,435.00"
CROPTOP (STARTER),NK5810,100480,NON BR,PCS,750.00,750.00
CROPTOP (STARTER),VG2106,100481,NON BR,PCS,600.00,600.00
CROPTOP (STARTER),SBC372,100500,SABINA,PCS,"1,480.00","1,480.00"
CROPTOP (STARTER),SBG382,100569,SABINA,PCS,"1,395.00","1,395.00"
CROPTOP (STARTER),F5121,100784,NON B,PCS,650.00,650.00
CROPTOP (STARTER),SBC415,100809,SABINA,PCS,"1,755.00","1,755.00"
CROPTOP (STARTER),SBG383,100810,SABINA,PCS,"1,395.00","1,395.00"
CROPTOP (STARTER),F5125,100811,NON B,PCS,600.00,600.00
CROPTOP (STARTER),F5137,100812,NON B,PCS,700.00,700.00
CROPTOP (STARTER),D5130,100841,NON B,PCS,900.00,900.00
CROPTOP (STARTER),D815,100842,NON B,PCS,700.00,700.00
CROPTOP (STARTER),SBC416,100884,SABINA,PCS,"1,950.00","1,950.00"
CROPTOP (STARTER),D6132,100932,NON B,PCS,650.00,650.00
CROPTOP (STARTER),D5158,100933,NON B,PCS,700.00,700.00
CROPTOP (STARTER),A210,101106,NON B,PCS,500.00,500.00
CROPTOP (STARTER),A3313,101107,NON B,PCS,500.00,500.00
CROPTOP (STARTER),A2289,101141,NONB,PCS,750.00,750.00
CROPTOP (STARTER),A6122,101142,NONB,PCS,550.00,550.00
CROPTOP (STARTER),A65988,101143,NONB,PCS,550.00,550.00
PANTIES,MF1202,100121,MISSFIT,PCS,950.00,950.00
PANTIES,CH04490849,100122,COTTONHILL,PCS,350.00,350.00
PANTIES,CH0203,100123,COTTONHILL,PCS,400.00,400.00
PANTIES,CH0298BIG,100124,COTTONHILL,PCS,400.00,400.00
PANTIES,CH0558,100125,COTTONHILL,PCS,450.00,450.00
PANTIES,CH4968,100127,COTTONHILL,PCS,400.00,400.00
PANTIES,CH4962,100128,COTTONHILL,PCS,400.00,400.00
PANTIES,CH4970,100129,COTTONHILL,PCS,300.00,300.00
PANTIES,CH04620993,100130,COTTONHILL,PCS,300.00,300.00
PANTIES,LL38694,100131,LADYLYC,PCS,400.00,400.00
PANTIES,LL526619BIG,100132,LADYLYC,PCS,400.00,400.00
PANTIES,LL52860BIG,100133,LADYLYC,PCS,400.00,400.00
PANTIES,LL52660,100135,LADYLYC,PCS,350.00,350.00
PANTIES,BN698,100137,NON BR,PCS,350.00,350.00
PANTIES,SH3154,100138,NON BR,PCS,300.00,300.00
PANTIES,SH3147,100139,NON BR,PCS,300.00,300.00
PANTIES,SH907,100140,NON BR,PCS,400.00,400.00
PANTIES,BN1297,100141,NON BR,PCS,350.00,350.00
PANTIES,SHA113,100254,NON BR,PCS,200.00,200.00
PANTIES,CH04090809,100264,COTTONHILL,PCS,350.00,350.00
PANTIES,CH0116,100265,COTTONHILL,PCS,550.00,550.00
PANTIES,CH4960,100266,COTTONHILL,PCS,350.00,350.00
PANTIES,CH0298,100290,COTTONHILL,PCS,500.00,500.00
PANTIES,ELBRINAP,100291,ESSENTIALS,PCS,400.00,400.00
PANTIES,BN8835,100309,NON BR,PCS,350.00,350.00
PANTIES,SH544,100310,NON BR,PCS,350.00,350.00
PANTIES,SH311,100311,NON BR,PCS,300.00,300.00
PANTIES,SH3044,100312,NON BR,PCS,400.00,400.00
PANTIES,SH3156,100313,NON BR,PCS,300.00,300.00
PANTIES,VG8292,100314,NON BR,PCS,200.00,200.00
PANTIES,CH0975,100333,COTTONHILL,PCS,300.00,300.00
PANTIES,CH09560253,100334,COTTONHILL,PCS,350.00,350.00
PANTIES,SH743,100335,NON BR,PCS,350.00,350.00
PANTIES,NKVS006,100336,NON BR,PCS,600.00,600.00
PANTIES,SH036,100337,NON BR,PCS,450.00,450.00
PANTIES,SH328,100338,NON BR,PCS,450.00,450.00
PANTIES,SH5503,100359,NON BR,PCS,300.00,300.00
PANTIES,SH784,100360,NON BR,PCS,300.00,300.00
PANTIES,VG159,100415,NON B,PCS,400.00,400.00
PANTIES,BN096,100416,NON B,PCS,300.00,300.00
PANTIES,CH075,100417,COTTON HILL,PCS,300.00,300.00
PANTIES,LL526572,100418,LADY LYC,PCS,300.00,300.00
PANTIES,38584,100419,LADY LYC,PCS,350.00,350.00
PANTIES,LL38584,100420,LADY LYC,PCS,350.00,350.00
PANTIES,NK5486,100491,NON BR,PCS,350.00,350.00
PANTIES,SH6747,100492,NON BR,PCS,400.00,400.00
PANTIES,NK320,100494,NON BR,PCS,200.00,200.00
PANTIES,NK4121,100495,NON BR,PCS,200.00,200.00
PANTIES,NK2015,100496,NON BR,PCS,200.00,200.00
PANTIES,NK462,100497,NON BR,PCS,400.00,400.00
PANTIES,NTMIX,100505,NICOLETTA,PCS,300.00,300.00
PANTIES,CHO116,100507,COTTON HILL,PCS,550.00,550.00
PANTIES,SH815,100508,NON B,PCS,300.00,300.00
PANTIES,SH862,100532,NONB,PCS,300.00,300.00
PANTIES,VG706F,100541,NONB,PCS,300.00,300.00
PANTIES,VG9282,100542,NONB,PCS,250.00,250.00
PANTIES,SH5575,100548,NONB,PCS,400.00,400.00
PANTIES,CH0176,100576,COTTONHILL,PCS,600.00,600.00
PANTIES,NC27879BIG,100578,NICOLETTA,PCS,350.00,350.00
PANTIES,CH0186,100586,COTTON HILL,PCS,550.00,550.00
PANTIES,CH4551,100617,COTTON HILL,PCS,450.00,450.00
PANTIES,CH4462,100618,COTTON HILL,PCS,550.00,550.00
PANTIES,NT163344,100619,NICOLETTA,PCS,350.00,350.00
PANTIES,NT27879BIG,100620,NICOLETTA,PCS,350.00,350.00
PANTIES,NK014,100621,NON B,PCS,400.00,400.00
PANTIES,NK8131,100622,NONB,PCS,500.00,500.00
PANTIES,NK7012,100643,NON B,PCS,200.00,200.00
PANTIES,NK1220,100644,NON B,PCS,250.00,250.00
PANTIES,NK858,100645,NON B,PCS,350.00,350.00
PANTIES,NT83051,100646,NON B,PCS,400.00,400.00
PANTIES,NK2201,100659,NON B,PCS,250.00,250.00
PANTIES,A8088,100673,NON B,PCS,400.00,400.00
PANTIES,A2448,100675,NON B,PCS,300.00,300.00
PANTIES,B01,100676,NON B,PCS,250.00,250.00
PANTIES,B7781,100677,NON B,PCS,500.00,500.00
PANTIES,B820,100678,NON B,PCS,450.00,450.00
PANTIES,C172,100679,NON B,PCS,400.00,400.00
PANTIES,C188,100680,NON B,PCS,350.00,350.00
PANTIES,G977,100681,NON B,PCS,350.00,350.00
PANTIES,G985,100682,NON B,PCS,250.00,250.00
PANTIES,V-ELIZA,100683,NON B,PCS,450.00,450.00
PANTIES,B6511,100765,NON B,PCS,550.00,550.00
PANTIES,C186,100777,NON B,PCS,350.00,350.00
PANTIES,A8012,100778,NON B,PCS,500.00,500.00
PANTIES,A8070,100779,NON B,PCS,400.00,400.00
PANTIES,G309,100796,NON B,PCS,400.00,400.00
PANTIES,CH0849PR,100813,COTTON HILL,PCS,400.00,400.00
PANTIES,CH0849PL,100814,COTTON HILL,PCS,350.00,350.00
PANTIES,CH0720BIG,100815,COTTON HILL,PCS,400.00,400.00
PANTIES,CH0721BIG,100816,COTTON HILL,PCS,400.00,400.00
PANTIES,LL105129,100817,LADY LYK,PCS,550.00,550.00
PANTIES,LL105183,100818,LADY LYK,PCS,600.00,600.00
PANTIES,LL105135,100819,LADY LYK,PCS,500.00,500.00
PANTIES,LL105137BIG,100820,LADY LYK,PCS,600.00,600.00
PANTIES,BW224,100831,NON B,PCS,350.00,350.00
PANTIES,G182,100832,NON B,PCS,400.00,400.00
PANTIES,I6314,100833,NON B,PCS,400.00,400.00
PANTIES,1216,100834,NON B,PCS,350.00,350.00
PANTIES,LL10567,100835,NON B,PCS,450.00,450.00
PANTIES,I6134,100844,NON B,PCS,400.00,400.00
PANTIES,16389,100885,NON B,PCS,350.00,350.00
PANTIES,G186,100886,NON B,PCS,400.00,400.00
PANTIES,G184,100887,NON B,PCS,400.00,400.00
PANTIES,16335BIG,100888,NON B,PCS,400.00,400.00
PANTIES,16134BIG,100889,NON B,PCS,400.00,400.00
PANTIES,F820,100890,NON B,PCS,400.00,400.00
PANTIES,F366,100892,NON B,PCS,400.00,400.00
PANTIES,DO35000,100893,DOMINANT,PCS,850.00,850.00
PANTIES,B283,100947,NON B,PCS,450.00,450.00
PANTIES,I8843,100950,NON B,PCS,400.00,400.00
PANTIES,I6381,100951,NON B,PCS,400.00,400.00
PANTIES,I2298,100952,NON B,PCS,400.00,400.00
PANTIES,I6358,100953,NON B,PCS,400.00,400.00
PANTIES,M8063,100954,NON B,PCS,300.00,300.00
PANTIES,M1813,100955,NON B,PCS,350.00,350.00
PANTIES,G185,100956,NON B,PCS,400.00,400.00
PANTIES,K738,100957,NON B,PCS,450.00,450.00
PANTIES,G179,100994,NON B,PCS,400.00,400.00
PANTIES,I7849,100995,NON B,PCS,400.00,400.00
PANTIES,I216,100996,NON B,PCS,350.00,350.00
PANTIES,I6335,100997,NON B,PCS,400.00,400.00
PANTIES,I8912,100998,NON B,PCS,400.00,400.00
PANTIES,I6194,100999,NON B,PCS,400.00,400.00
PANTIES,F355,101000,NON B,PCS,400.00,400.00
PANTIES,LL105137,101001,NON B,PCS,600.00,600.00
PANTIES,B1738,101064,NON B,PCS,300.00,300.00
PANTIES,I6203,101065,NON B,PCS,400.00,400.00
PANTIES,I3052,101066,NON B,PCS,400.00,400.00
PANTIES,K801,101067,NON B,PCS,400.00,400.00
PANTIES,F362,101071,NON B,PCS,450.00,450.00
PANTIES,I6219,101098,NON B,PCS,350.00,350.00
PANTIES,B900,101099,NON B,PCS,200.00,200.00
PANTIES,I6346,101100,NON B,PCS,400.00,400.00
PANTIES,I6216,101101,NON B,PCS,450.00,450.00
PANTIES,I8986,101102,NON B,PCS,350.00,350.00
PANTIES,B1708,101103,NON B,PCS,300.00,300.00
PANTIES,B8813,101104,NON B,PCS,350.00,350.00
PANTIES,K6070,101105,NON B,PCS,400.00,400.00
PANTIES,CD40491,101130,NON B,PCS,300.00,300.00
PANTIES,J2020,101132,NON B,PCS,350.00,350.00
PANTIES,J786,101133,NON B,PCS,400.00,400.00
PANTIES,MP10000,101134,NON B,PCS,250.00,250.00
PANTIES,I6379,101135,NON B,PCS,400.00,400.00
PANTIES,J695,101136,NON B,PCS,450.00,450.00
PANTIES,J6065,101137,NON B,PCS,450.00,450.00
PANTIES,I332,101196,NONB,PCS,450.00,450.00
PANTIES,I610B,101197,NONB,PCS,400.00,400.00
PANTIES,I8813,101198,NONB,PCS,400.00,400.00
PANTIES,K6075,101199,NON B,PCS,450.00,450.00
PANTIES,CH0849,101204,COTTONHILL,PCS,400.00,400.00
PANTIES,I332B,101205,NONB,PCS,450.00,450.00
PANTIES,H8220,101264,NON B,PCS,400.00,400.00
PANTIES,H8239,101265,NON B,PCS,400.00,400.00
PANTIES,H6878B,101266,NON B,PCS,450.00,450.00
PANTIES,H6877,101290,NON B,PCS,400.00,400.00
PANTIES,NK8008,101291,NON B,PCS,350.00,350.00
PANTIES,CD028,101292,COTTON DANCE,PCS,350.00,350.00
PANTIES,HS612,101306,NON B,PCS,350.00,350.00
PANTIES,K6096,101356,NON B,PCS,550.00,550.00
PANTIES,K6087,101357,NON B,PCS,550.00,550.00
PANTIES,I5607,101358,NON B,PCS,450.00,450.00
PANTIES,I129,101359,NON B,PCS,450.00,450.00
PANTIES,I6389,101360,NON B,PCS,500.00,500.00
PANTIES,H6878,101361,NON B,PCS,500.00,500.00
PANTIES,CD50020,101362,COTTON DANCE,PCS,400.00,400.00
PANTIES (BIG),LL38696,100134,LADYLYC,PCS,350.00,350.00
PANTIES (BIG),LL52860,100308,LADYLYC,PCS,400.00,400.00
PANTIES/PO3,LL8920,100136,LADYLYC,PCS,800.00,800.00
PANTIES/PO3,AN2657-2.6,100142,ANIL,PCS,"1,300.00","1,300.00"
PANTIES/PO3,AN2659,100143,ANIL,PCS,"1,500.00","1,500.00"
PANTIES/PO3,GP532,100253,GIRLISH,PCS,800.00,800.00
PANTIES/PO3,CH4008,100414,NON B,PCS,700.00,700.00
PANTIES/PO3,KO39750,100958,KOZABIAT,PCS,950.00,950.00
PANTIES/PO3,AN2657,101077,ANIL,PCS,"1,300.00","1,300.00"
PANTIES/PO3,DO55000,101138,DOMINENT,PCS,"1,050.00","1,050.00"
PANTIES/PO3,MP003,101173,MISS PUDRA,PCS,780.00,780.00
PANTIES/PO3,DR0500,101174,DOREN,PCS,"1,000.00","1,000.00"
PANTIES/PO3,STAIN01,101304,NON B,PCS,550.00,550.00
SHAPER/CONTROLER,MF34313,100144,MISSFIT,PCS,"1,650.00","1,650.00"
SHAPER/CONTROLER,MF34314,100145,MISSFIT,PCS,"1,990.00","1,990.00"
SHAPER/CONTROLER,MF1255,100146,MISSFIT,PCS,"2,990.00","2,990.00"
SHAPER/CONTROLER,MF33636,100147,MISSFIT,PCS,"1,850.00","1,850.00"
SHAPER/CONTROLER,MF1037,100148,MISSFIT,PCS,"1,990.00","1,990.00"
SHAPER/CONTROLER,BO10000-4.2,100149,BONDY,PCS,"1,590.00","1,590.00"
SHAPER/CONTROLER,BO10003,100150,BONDY,PCS,"2,090.00","2,090.00"
SHAPER/CONTROLER,AN2476,100151,ANIL,PCS,"2,990.00","2,990.00"
SHAPER/CONTROLER,AN2513,100152,ANIL,PCS,"8,990.00","8,990.00"
SHAPER/CONTROLER,AN2518,100153,ANIL,PCS,"6,990.00","6,990.00"
SHAPER/CONTROLER,NZ9001,100352,NAZIK,PCS,"1,490.00","1,490.00"
SHAPER/CONTROLER,NZ9005,100437,NAZIK,PCS,990.00,990.00
SHAPER/CONTROLER,NZ9003,100438,NAZIK,PCS,"1,490.00","1,490.00"
SHAPER/CONTROLER,MF1227,100546,MISSFIT,PCS,"1,550.00","1,550.00"
SHAPER/CONTROLER,MF17332,100606,MISS FIT,PCS,"1,990.00","1,990.00"
SHAPER/CONTROLER,MF1228,100804,MISS FIT,PCS,"1,950.00","1,950.00"
SHAPER/CONTROLER,NZ9020,101045,NAZIK,PCS,"2,190.00","2,190.00"
SHAPER/CONTROLER,BO1000-4.2,101046,BONDY,PCS,"1,590.00","1,590.00"
SHAPER/CONTROLER,BO10001-4.2,101047,BONDY,PCS,"1,590.00","1,590.00"
SHAPER/CONTROLER,MF14001,101139,MISSFIT,PCS,"1,990.00","1,990.00"
SHAPER/CONTROLER,MF14002,101140,MISSFIT,PCS,"1,990.00","1,990.00"
BATHGOWN,HP001,100158,HAPPY,PCS,"1,190.00","1,190.00"
BATHGOWN,H100,100982,BATH GOWN,PCS,"1,390.00","1,390.00"
BATHGOWN,NK52940511,101310,NON B,PCS,"2,875.00","2,875.00"
SILICON BRA,FBTN523,100257,NON BR,PCS,995.00,995.00
SILICON BRA,FBTN014,100351,NOR BR,PCS,"1,195.00","1,195.00"
NIPPLE SILICON PAD,NKNSP011,100258,NON BR,PCS,300.00,300.00
NIGHTIES SSC,YISHORTS,100095,YENI INCI,PCS,"2,595.00","2,595.00"
NIGHTIES SSC,SVMSHORTS,100277,SEVIM,PCS,"2,995.00","2,995.00"
NIGHTIES SSC,SVM4962,100278,SEVIM,PCS,"2,695.00","2,695.00"
NIGHTIES SSC,ANSHORTS,100478,ANIL,PCS,"2,695.00","2,695.00"
NIGHTIES SSC,IP5148,100905,IPEKTEN,PCS,"2,990.00","2,990.00"
NIGHTIES SSC,CR92307,101059,CAROLINE,PCS,"2,590.00","2,590.00"
NIGHTIES SSC,DS31773,101239,NON B,PCS,"1,690.00","1,690.00"
NIGHTIES SSC,EL3334,101240,NON B,PCS,"2,590.00","2,590.00"
NIGHTIES SSC,IP6255,101241,IPEKTEN,PCS,"2,590.00","2,590.00"
NIGHTIES SSC,IP6121,101242,IPEKTEN,PCS,"2,790.00","2,790.00"
NIGHTIES SSC,IP612FO,101256,IPEKTEN,PCS,"2,790.00","2,790.00"
NIGHTIES SSC,SU3905,101302,SUDE,PCS,"2,590.00","2,590.00"
NIGHTIES SSC,SVM11280,101324,SEVIM,PCS,"2,990.00","2,990.00"
TIDES,NKS118,100286,NON BR,PCS,995.00,995.00
TIDES,NK5118,100896,NON B,PCS,995.00,995.00
TIDES,NY6105,101171,NOYA NON,PCS,"1,350.00","1,350.00"
BED SHEET (7 PCS),Z-INCIFR,100315,ZEBRA CASA,PCS,"45,950.00","45,950.00"
BED SHEET (3 PCS),T-CKV51,100316,TAC,PCS,"12,900.00","12,900.00"
BED SHEET (3 PCS),FJ145,100317,NON BR,PCS,"13,950.00","13,950.00"
BED SHEET (4 PCS),HALAZA,100318,NON BR,PCS,"16,900.00","16,900.00"
COSPLAYS,GP8370,100330,GALLIPOLI,PCS,"4,250.00","4,250.00"
COSPLAYS,GP8392,100331,GALLIPOLI,PCS,"4,250.00","4,250.00"
COSPLAYS,GP8200,100332,GALLIPOLI,PCS,"4,250.00","4,250.00"
COSPLAYS,GP15502,100479,GALLI POLY,PCS,"1,990.00","1,990.00"
BRA (SPORT),SH075,100345,NON BR,PCS,725.00,725.00
BRA (SPORT),SBB695,100404,SABINA,PCS,"1,820.00","1,820.00"
BRA (SPORT),MF11027,100446,MISS FIT,PCS,"1,490.00","1,490.00"
BRA (SPORT),SH068,100538,NONB,PCS,990.00,990.00
BRA (SPORT),SBB719,100558,SABINA,PCS,"2,360.00","2,360.00"
BRA (SPORT),SBB1003,100663,SABINA,PCS,"2,600.00","2,600.00"
BRA (SPORT),SBB1001,101073,SABINA,PCS,"2,600.00","2,600.00"
BRA (SPORT),SBC1513,101194,NON B,PCS,990.00,990.00
BRA (SPORT),SBC1620,101195,NON B,PCS,"1,090.00","1,090.00"
BRA (SPORT),SB3845,101275,NON B,PCS,"1,090.00","1,090.00"
BRA (SPORT),SB5751,101311,NON B,PCS,950.00,950.00
BRA (SPORT),SB1573,101312,NON B,PCS,"1,050.00","1,050.00"
BRA (SPORT),S3388,101344,NON B,PCS,"1,190.00","1,190.00"
BRA (SPORT),S3857,101345,NON B,PCS,"1,450.00","1,450.00"
THERMAL,NBB626,100363,NBB,PCS,0.00,"1,650.00"
THERMAL,AN8533,100364,ANIL,PCS,"1,850.00","1,850.00"
THERMAL,AN8532,100365,ANIL,PCS,"1,750.00","1,750.00"
THERMAL,AN8531,100366,ANIL8531,PCS,"1,450.00","1,450.00"
THERMAL,MS02023649,100623,M&S,PCS,"2,500.00","2,500.00"
BRA (NURSING),NBB3581,100175,NBB,PCS,"2,090.00","2,090.00"
BRA (NURSING),VG219,100356,NON BR,PCS,700.00,700.00
BRA (NURSING),AN3424,101172,ANIL,PCS,"1,990.00","1,990.00"
NIGHTIES SSS,NU5509,100531,NURTEKS,PCS,"3,990.00","3,990.00"
NIGHTIES SSS,NC6624,100549,NONB,PCS,"1,990.00","1,990.00"
NIGHTIES SSS,PC400,100632,PIERRE,PCS,"4,490.00","4,490.00"
NIGHTIES SSS,PC420,100633,PIERRE CARDIN,PCS,"4,690.00","4,690.00"
NIGHTIES SSS,NCA207,100703,NON B,PCS,"2,290.00","2,290.00"
NIGHTIES SSS,NU5521,100780,NURTEKS,PCS,"4,990.00","4,990.00"
NIGHTIES SSS,NU5519,100850,NURTEKS,PCS,"4,790.00","4,790.00"
STARTERS,MF1501,100114,MISSFIT,PCS,"1,190.00","1,190.00"
STARTERS,A111,100343,NON B,PCS,500.00,500.00
STARTERS,SBC387,100568,SABINA,PCS,"1,680.00","1,680.00"
STARTERS,SBC370,100573,SABINA,PCS,"1,640.00","1,640.00"
STARTERS,D6208,101019,NON B,PCS,750.00,750.00
STARTERS,A6118,101144,NON B,PCS,550.00,550.00
STARTERS,A5988,101164,NON B,PCS,550.00,550.00
STARTERS,A8309,101276,NON B,PCS,370.00,370.00
STARTERS,A1926,101277,NON B,PCS,650.00,650.00
STARTERS,KO80070,101279,CANSOY,PCS,"1,390.00","1,390.00"
STARTERS,A6123,101346,NON B,PCS,550.00,550.00
STARTERS,A2627,101347,NON B,PCS,650.00,650.00
STARTERS,A2628,101348,NON B,PCS,700.00,700.00
STARTERS,A020,101349,NON B,PCS,650.00,650.00
PRETTY MAKEUP,BBCREAM,100705,B B CREAM,PCS,950.00,950.00
PRETTY MAKEUP,B-POWDER28,100706,BAKED POWDER,PCS,"1,850.00","1,850.00"
PRETTY MAKEUP,BLUSH,100707,BLUSH,PCS,900.00,900.00
PRETTY MAKEUP,BLUSH-B,100708,BLUSH BAKED,PCS,"1,850.00","1,850.00"
PRETTY MAKEUP,BLUSH-M,100709,BLUSH MATTE,PCS,900.00,900.00
PRETTY MAKEUP,B-POWDER-13,100710,BRONZER POWDER,PCS,"1,650.00","1,650.00"
PRETTY MAKEUP,CONCEALER-CUL,100711,CONCEALER COVER UP LIQUID,PCS,"1,100.00","1,100.00"
PRETTY MAKEUP,CONCEALER-S,100712,CONCEALER STICK,PCS,900.00,900.00
PRETTY MAKEUP,EPENCIL,100713,EYE PENCIL,PCS,450.00,450.00
PRETTY MAKEUP,EPENCIL-S,100714,EYE PENCIL STYLER,PCS,600.00,600.00
PRETTY MAKEUP,ESHADOW-Q,100715,EYE SHADOW QUARTET,PCS,"1,250.00","1,250.00"
PRETTY MAKEUP,ESHADOW-S,100716,EYE SHADOW SINGLE,PCS,700.00,700.00
PRETTY MAKEUP,ESHADOW-SM,100717,EYE SHADOW SINGLE MATTE,PCS,700.00,700.00
PRETTY MAKEUP,EYESHADOW-SB,100718,EYE SHADOW STARS BAKED,PCS,"1,450.00","1,450.00"
PRETTY MAKEUP,EBMASKARA,100719,EYEBROW MASCARA,PCS,"1,100.00","1,100.00"
PRETTY MAKEUP,EBPENCIL-S,100720,EYE BROW PENCIL STYLER,PCS,450.00,450.00
PRETTY MAKEUP,EBSHADOW,100721,EYEBROW SHADOW,PCS,800.00,800.00
PRETTY MAKEUP,ELINER-GB,100722,EYE LINER GEL BK,PCS,"1,400.00","1,400.00"
PRETTY MAKEUP,ELINER-LB,100723,EYE LINER LIQUID BK,PCS,900.00,900.00
PRETTY MAKEUP,ELINER-P,100724,EYE LINER PEN,PCS,900.00,900.00
PRETTY MAKEUP,ELINER-UDLB,100725,EYE LINER ULTIMATE DIP LINER BK,PCS,"1,050.00","1,050.00"
PRETTY MAKEUP,FOUNDATION-CU,100726,FOUNDATION COVER UP,PCS,"1,900.00","1,900.00"
PRETTY MAKEUP,FOUNDATION-MF,100727,FOUNDATION MATTIFYING,PCS,"1,900.00","1,900.00"
PRETTY MAKEUP,FOUNDATION-WL,100728,FOUNDATION WEIGHTLESS,PCS,"1,900.00","1,900.00"
PRETTY MAKEUP,LBALM,100729,LIP BALM,PCS,450.00,450.00
PRETTY MAKEUP,LGLOSS-ST,100730,LIP GLOSS STAY TRUE,PCS,750.00,750.00
PRETTY MAKEUP,LPENCIL,100731,LIP PENCIL,PCS,350.00,350.00
PRETTY MAKEUP,LPENCIL-S,100732,LIP PENCIL STYLER,PCS,350.00,350.00
PRETTY MAKEUP,LSTICK-S,100733,LIP PENCIL STYLER,PCS,350.00,350.00
PRETTY MAKEUP,LSTICK-E,100734,LIP STICK ESSENTIAL,PCS,750.00,750.00
PRETTY MAKEUP,LSTICK-M,100735,LIP STICK MATTE,PCS,850.00,850.00
PRETTY MAKEUP,LSTICK-ML,100736,LIP STICK MATTE LIQUID,PCS,"1,150.00","1,150.00"
PRETTY MAKEUP,LSTICK-ST,100737,LIP STICK STAY TRUE,PCS,850.00,850.00
PRETTY MAKEUP,MBASE,100738,MAKE UP BASE,PCS,"1,800.00","1,800.00"
PRETTY MAKEUP,MASCARA-AIOB,100739,MASKARA ALL IN ONE BK,PCS,950.00,950.00
PRETTY MAKEUP,MASCARA-CB,100740,MASKARA CURLING BK,PCS,850.00,850.00
PRETTY MAKEUP,MASKARA-LB,100741,MASKARA LENGTHENING BK,PCS,950.00,950.00
PRETTY MAKEUP,MASCARA-VB,100742,MASCARA VOLMISING BK,PCS,850.00,850.00
PRETTY MAKEUP,NENAMEL-E,100743,NAIL ENAMEL ESSENTIAL,PCS,375.00,375.00
PRETTY MAKEUP,NENAMEL-M,100744,NAIL ENAMEL MATTE,PCS,425.00,425.00
PRETTY MAKEUP,PPOWDER,100745,PRESS POWDER,PCS,"1,350.00","1,350.00"
PRETTY MAKEUP,PPOWDER-MF,100746,PRESS POWDER MATTIFYING,PCS,"1,350.00","1,350.00"
PRETTY MAKEUP,SHARPNER,100747,SHARPNER,PCS,300.00,300.00
PRETTY MAKEUP,MUBASE,100750,MAKE UP BASE,PCS,"1,800.00","1,800.00"
PRETTY MAKEUP,MASKARA-AIOB,100751,MASKARA ALL IN ONE BK,PCS,950.00,950.00
PRETTY MAKEUP,MASKARA-VB,100752,MASKARA VOLUMSING BK,PCS,850.00,850.00
PRETTY MAKEUP,MASCARA-LB,100753,MASCARA LENGTHENING BK,PCS,950.00,950.00
PRETTY MAKEUP,EBMASCARA,100754,EYEBROW MASCARA,PCS,"1,100.00","1,100.00"
PANTIES/PO7,PR001,100763,NON B,PCS,"1,190.00","1,190.00"
PANTIES/PO7,B3052,100764,NON B,PCS,500.00,500.00
EXTENTIONS,CEX1,100894,CANSOY NON,PCS,80.00,80.00
BOXER [SCS],L1001,100913,NON B,PCS,650.00,650.00
T-SHIRTS,USP66004,100914,U S POLO,PCS,"2,500.00","2,500.00"
PANTIES/PO5,B1001,100959,NON B,PCS,"1,000.00","1,000.00"
PANTIES/PO5,IN001,101377,NON B,PCS,"1,000.00","1,000.00"
BOTANICS MAKEUP,BP043,100963,PRIMER,PCS,950.00,950.00
BOTANICS MAKEUP,BELP04,100964,PENCIL E/L,PCS,150.00,150.00
BOTANICS MAKEUP,BLS061,100965,LIP STICK,PCS,520.00,520.00
BOTANICS MAKEUP,BM061,100966,MASCARA,PCS,490.00,490.00
BOTANICS MAKEUP,BML061,100967,MATT LINER,PCS,490.00,490.00
BOTANICS MAKEUP,BLM041,100968,MARKER LINER,PCS,450.00,450.00
BOTANICS MAKEUP,BLG061,100969,LIP GLOSS,PCS,430.00,430.00
BOTANICS MAKEUP,BAG023,100970,ALOEVERA GEL,PCS,830.00,830.00
BOTANICS MAKEUP,BMB002,100971,MATT BLUSH,PCS,590.00,590.00
BOTANICS MAKEUP,BFP003,100972,FACE POWDER,PCS,790.00,790.00
BOTANICS MAKEUP,BF573,100973,FOUNDATION,PCS,"1,090.00","1,090.00"
BOTANICS MAKEUP,BES003,100974,EYESHADE KIT 26,PCS,650.00,650.00
BOTANICS MAKEUP,BES009,100975,EYESHADE KIT 4848,PCS,"1,650.00","1,650.00"
BOTANICS MAKEUP,B081,100976,B B CREAM BOB,PCS,450.00,450.00
BOTANICS MAKEUP,EB091,100977,B B CREAM EVERBEAUTY,PCS,490.00,490.00
BOTANICS MAKEUP,BNP011,101074,NAIL PAINT,PCS,300.00,300.00
BOTANICS MAKEUP,BNP0055,101305,NAIL PAINT,PCS,220.00,220.00
SHORT SUIT,CR92904,100522,CAROLINE,PCS,"2,590.00","2,590.00"
SHORT SUIT,DS31775,100806,DEEP SLEEP,PCS,"1,690.00","1,690.00"
SHORT SUIT,DS12082,100807,DEEP SLEEP,PCS,"2,590.00","2,590.00"
SHORT SUIT,EL1315,100904,ELITOL,PCS,"2,590.00","2,590.00"
SHORT SUIT,DS1282,101060,DEEP SLEEP,PCS,"2,590.00","2,590.00"
SHORT SUIT,DS12061,101061,DEEP SLEEP,PCS,"2,590.00","2,590.00"
SHORT SUIT,AN9590,101062,ANIL,PCS,"2,590.00","2,590.00"
NIGHTIES CSC,AYDOCAPRI,101075,AYDOGAN,PCS,"3,190.00","3,190.00"
NIGHTIES CSC,IP6203,101243,IPEKTEN,PCS,"3,190.00","3,190.00"
NIGHTIES CSC,IP6254,101244,IPEKTEN,PCS,"3,190.00","3,190.00"
BRA PADDED,AN3616,100166,ANIL,PCS,"2,290.00","2,290.00"
BRA PADDED,GO6000,100177,GOLGE,PCS,"1,990.00","1,990.00"
BRA PADDED,GO6031,100178,GOLGE,PCS,"1,990.00","1,990.00"
BRA PADDED,SBD7000,100202,SABINA,PCS,"3,000.00","3,000.00"
BRA PADDED,SBD2023,100283,SABINA,PCS,"4,630.00","4,630.00"
BRA PADDED,TR7681,100487,TRIUMPH,PCS,"1,850.00","1,850.00"
BRA PADDED,GO6035,100575,GOLGE,PCS,"2,190.00","2,190.00"
BRA PADDED,AN3106,100584,ANIL,PCS,"2,790.00","2,790.00"
BRA PADDED,C153PU,100662,CANSOY,PCS,990.00,990.00
BRA PADDED,SHL266,100668,NONB,PCS,990.00,990.00
BRA PADDED,SH784B,100669,NON B,PCS,890.00,890.00
BRA PADDED,K338,100696,NON B,PCS,590.00,590.00
BRA PADDED,BALCONY,100775,NON B,PCS,950.00,950.00
BRA PADDED,HBLP1000,100789,SABINA,PCS,"1,885.00","1,885.00"
BRA PADDED,HBL534,100791,SABINA,PCS,"2,080.00","2,080.00"
BRA PADDED,GO6080,100799,GOLGE,PCS,"2,590.00","2,590.00"
BRA PADDED,SH7561,100800,NON B,PCS,990.00,990.00
BRA PADDED,K3262,100846,NON B,PCS,750.00,750.00
BRA PADDED,HBLN554,100866,SABINA,PCS,"1,885.00","1,885.00"
BRA PADDED,HBLP1001,100867,SABINA,PCS,"1,885.00","1,885.00"
BRA PADDED,HBAN062,100869,SABINA,PCS,"1,920.00","1,920.00"
BRA PADDED,L3016,100881,NON B,PCS,590.00,590.00
BRA PADDED,K182,100882,NON B,PCS,790.00,790.00
BRA PADDED,SH3002,100883,NON B,PCS,950.00,950.00
BRA PADDED,HBLN564,100926,SABINA,PCS,"1,885.00","1,885.00"
BRA PADDED,E18011,100987,NON B,PCS,750.00,750.00
BRA PADDED,HBLP556,101029,SABINA,PCS,"1,885.00","1,885.00"
BRA PADDED,HBA066,101031,SABINA,PCS,"1,885.00","1,885.00"
BRA PADDED,H2151,101033,NON B,PCS,990.00,990.00
BRA PADDED,H2122,101034,NON B,PCS,890.00,890.00
BRA PADDED,A7627,101036,NON B,PCS,690.00,690.00
BRA PADDED,CD008,101037,NON B,PCS,790.00,790.00
BRA PADDED,HBLP2000,101048,SABINA,PCS,"1,885.00","1,885.00"
BRA PADDED,NU198,101049,NURTEKS,PCS,"1,990.00","1,990.00"
BRA PADDED,H9059,101054,NON B,PCS,990.00,990.00
BRA PADDED,CD003,101056,NON B,PCS,790.00,790.00
BRA PADDED,BN2998,101097,NON B,PCS,"1,090.00","1,090.00"
BRA PADDED,NKFB053,101109,NON B,PCS,850.00,850.00
BRA PADDED,S8836,101110,NON B,PCS,750.00,750.00
BRA PADDED,N1804,101111,NON B,PCS,790.00,790.00
BRA PADDED,H2121,101112,NON B,PCS,850.00,850.00
BRA PADDED,BN216,101113,NON B,PCS,990.00,990.00
BRA PADDED,H6250,101161,NON B,PCS,"1,250.00","1,250.00"
BRA PADDED,H20226,101162,NON B,PCS,990.00,990.00
BRA PADDED,NBB3479,101192,NBB,PCS,"2,690.00","2,690.00"
BRA PADDED,H0012,101200,NONB,PCS,990.00,990.00
BRA PADDED,H6802,101201,NONB,PCS,990.00,990.00
BRA PADDED,H2184,101202,NONB,PCS,990.00,990.00
BRA PADDED,H6219,101215,NON B,PCS,"1,090.00","1,090.00"
BRA PADDED,FARIYA,101234,FLOURISH,PCS,"1,150.00","1,150.00"
BRA PADDED,H7076,101258,NON B,PCS,850.00,850.00
BRA PADDED,H3421,101259,NON B,PCS,890.00,890.00
BRA PADDED,H6148,101260,NON B,PCS,850.00,850.00
BRA PADDED,H6803,101261,NON B,PCS,"1,050.00","1,050.00"
BRA PADDED,H20228,101262,NON B,PCS,"1,050.00","1,050.00"
BRA PADDED,H2185,101263,NON B,PCS,"1,050.00","1,050.00"
BRA PADDED,H18002,101280,NON B,PCS,790.00,790.00
BRA PADDED,BN8073,101281,NON B,PCS,850.00,850.00
BRA PADDED,H8501,101307,NON B,PCS,850.00,850.00
BRA PADDED,H6801,101308,NON B,PCS,"1,050.00","1,050.00"
BRA PADDED,H1705,101309,NON B,PCS,850.00,850.00
BRA PADDED,H2900,101342,NON B,PCS,790.00,790.00
BRA PADDED,H0011,101350,NON B,PCS,"1,090.00","1,090.00"
BRA PADDED,HX7373,101351,NON B,PCS,"1,250.00","1,250.00"
BRA PADDED,HS018,101352,NON B,PCS,"1,090.00","1,090.00"
BRA PADDED,H2901,101353,NON B,PCS,990.00,990.00
BRA PADDED,H888,101354,NON B,PCS,650.00,650.00
BRA PADDED,GO4605,101378,GOLGE,PCS,"2,290.00","2,290.00"
LACE/SILK PANTIES,CH4974,100126,COTTONHILL,PCS,350.00,350.00
LACE/SILK PANTIES,F866,100836,NON B,PCS,450.00,450.00
LACE/SILK PANTIES,F201,100891,NON B,PCS,450.00,450.00
LACE/SILK PANTIES,J5532BIG,100915,NON B,PCS,450.00,450.00
LACE/SILK PANTIES,F376,100948,NON B,PCS,500.00,500.00
LACE/SILK PANTIES,K6058,100949,NON B,PCS,500.00,500.00
LACE/SILK PANTIES,I8115,101068,NON B,PCS,400.00,400.00
LACE/SILK PANTIES,J8846,101069,NON B,PCS,450.00,450.00
LACE/SILK PANTIES,LL105269,101070,LADY LYK,PCS,300.00,300.00
LACE/SILK PANTIES,I8171,101072,NON B,PCS,400.00,400.00
LACE/SILK PANTIES,J6661,101186,NON B,PCS,450.00,450.00
LACE/SILK PANTIES,B138,101187,NON B,PCS,350.00,350.00
LACE/SILK PANTIES,J6140,101188,NON B,PCS,400.00,400.00
LACE/SILK PANTIES,CD20650,101206,COTTON DANCE,PCS,500.00,500.00
LACE/SILK PANTIES,CD30660,101209,COTTON DANCE,PCS,500.00,500.00
LACE/SILK PANTIES,K6126,101287,NON B,PCS,500.00,500.00
LACE/SILK PANTIES,CH4375,101288,COTTON HILL,PCS,550.00,550.00
LACE/SILK PANTIES,CD30366,101289,COTTON DANCE,PCS,400.00,400.00
LACE/SILK PANTIES,CDK-6,101303,COTTON DANCE,PCS,450.00,450.00
LACE/SILK PANTIES,F613,101314,NON B,PCS,500.00,500.00
LACE/SILK PANTIES,F6530,101315,NON B,PCS,500.00,500.00
LACE/SILK PANTIES,F501,101316,NON B,PCS,400.00,400.00
BRA SET [NP],LSH005,101210,LAIKA,PCS,"1,650.00","1,650.00"
BRA SET [NP],LTA001,101211,LAIKA,PCS,"1,750.00","1,750.00"
BRA SET [NP],LKI002,101212,LAIKA,PCS,"1,750.00","1,750.00"
BRA SET [NP],LFI003,101213,LAIKA,PCS,"1,650.00","1,650.00"
