Category,Item Code,Item Description,Bar Code,Opening,Purchase,Sale,Closing
ACCESSORIES,BOTANIC/E,PENCIL,100012,72,54,126,0
ACCESSORIES,TAAG,BODY SPRAY,100013,24,0,24,0
ACCESSORIES,BOTANIC/LS,LIPSTICK,100014,48,30,78,0
ACCESSORIES,JOHNSAN,FACEWASH,100015,6,0,6,0
ACCESSORIES,NEUTROGENA,FACEWASH,100016,6,0,6,0
ACCESSORIES,BOTANIC,LIPSTICK,100244,0,148,148,0
ACCESSORIES,BOTANICE,BOTANICE,100245,0,362,362,0
ACCESSORIES,TAAG001,BODY SPARY,100246,0,21,21,0
ACCESSORIES,FACEWASH,FACEWASH,100247,0,13,13,0
ACCESSORIES,BOTANIC/NP,NAIL POLISH,100353,0,322,322,0
ACCESSORIES,LOREAL.L,ACCESSORIES,100354,0,13,13,0
ACCESSORIES,BOTANIC/FW,FACE WASH,100355,0,14,14,0
ACCESSORIES,BOTANIC.ESK,EYE SHADE KID,100498,0,3,3,0
ACCESSORIES,MAYBELLINE.L,LIPSTICK,100499,0,21,21,0
ACCESSORIES,B-POWDER13,BRONZER POWDER,100748,0,12,12,0
ACCESSORIES,ESHADOW-SB,EYE SHADOW STARS BAKED,100749,0,16,16,0
BATH GOWNS,SUP13003,SUDE,101165,0,8,8,0
BATHGOWN,HP001,HAPPY,100158,6,1,7,0
BATHGOWN,H100,BATH GOWN,100982,0,4,4,0
BATHGOWN,NK52940511,NON B,101310,0,3,3,0
BED SHEET (3 PCS),T-CKV51,TAC,100316,0,2,2,0
BED SHEET (3 PCS),FJ145,NON BR,100317,0,2,2,0
BED SHEET (4 PCS),HALAZA,NON BR,100318,0,1,1,0
BED SHEET (7 PCS),Z-INCIFR,ZEBRA CASA,100315,0,1,1,0
BOTANICS MAKEUP,BP043,PRIMER,100963,0,3,1,2
BOTANICS MAKEUP,BELP04,PENCIL E/L,100964,0,144,129,15
BOTANICS MAKEUP,BLS061,LIP STICK,100965,0,86,55,31
BOTANICS MAKEUP,BM061,MASCARA,100966,0,12,12,0
BOTANICS MAKEUP,BML061,MATT LINER,100967,0,6,6,0
BOTANICS MAKEUP,BLM041,MARKER LINER,100968,0,6,6,0
BOTANICS MAKEUP,BLG061,LIP GLOSS,100969,0,30,27,3
BOTANICS MAKEUP,BAG023,ALOEVERA GEL,100970,0,3,3,0
BOTANICS MAKEUP,BMB002,MATT BLUSH,100971,0,35,20,15
BOTANICS MAKEUP,BFP003,FACE POWDER,100972,0,18,15,3
BOTANICS MAKEUP,BF573,FOUNDATION,100973,0,28,20,8
BOTANICS MAKEUP,BES003,EYESHADE KIT 26,100974,0,5,3,2
BOTANICS MAKEUP,BES009,EYESHADE KIT 4848,100975,0,5,3,2
BOTANICS MAKEUP,B081,B B CREAM BOB,100976,0,4,4,0
BOTANICS MAKEUP,EB091,B B CREAM EVERBEAUTY,100977,0,2,2,0
BOTANICS MAKEUP,BNP011,NAIL PAINT,101074,0,203,161,42
BOTANICS MAKEUP,BNP0055,NAIL PAINT,101305,0,84,59,25
BOXER [SCS],L1001,NON B,100913,0,18,18,0
BRA,ZINNIA,ESSENTIALS,100001,24,89,98,15
BRA,ORCHID,WW ESSENTIALS,100002,36,0,10,26
BRA,ELBRINA,ESSENTIALS,100003,18,26,26,18
BRA,FANTASY,ESSENTIALS,100004,35,259,280,14
BRA,CHERRY,ESSENTIALS,100005,6,12,18,0
BRA,OPAL,ESSENTIALS,100006,12,9,21,0
BRA,LAUREL,ESSENTIALS,100007,24,52,50,26
BRA,AN3698,ANIL,100008,48,206,197,57
BRA,AN3697,ANIL,100009,30,76,100,6
BRA,AN3229,ANIL,100010,48,120,149,19
BRA,ORCHID,ESSENTIALS,100159,0,210,194,16
BRA,AN3125,ANIL,100160,60,123,147,36
BRA,AN3592-7,ANIL,100161,73,62,105,30
BRA,AN3633,ANIL,100162,18,5,14,9
BRA,AN3634,ANIL,100163,12,18,24,6
BRA,AN3607,ANIL,100164,48,41,69,20
BRA,AN3635,ANIL,100165,24,18,42,0
BRA,YI1250,YENI INCI,100167,100,14,114,0
BRA,YI1250BIG,YENI INCI,100168,6,0,6,0
BRA,YI1915,YENI INCI,100169,129,175,242,62
BRA,YI1915BIG,YENI INCI,100170,6,0,6,0
BRA,YI1905,YENI INCI,100171,69,297,281,85
BRA,YI1005,YENI INCI,100172,102,369,371,100
BRA,NBB352073,NBB,100173,33,86,102,17
BRA,NBB351082,NBB,100174,39,674,686,27
BRA,NBB1180,NBB,100176,22,19,41,0
BRA,SH1928,NON BR,100179,13,1,14,0
BRA,SH9332,NON BR,100180,14,16,30,0
BRA,SH2085,NON BR,100181,9,0,9,0
BRA,SH1981,NON BR,100182,11,0,11,0
BRA,SH6328,NON BR,100183,14,0,14,0
BRA,BN937,NON BR,100184,19,1,20,0
BRA,BN2217,NON BR,100185,27,18,45,0
BRA,BN909,NON BR,100186,15,82,97,0
BRA,BN8056,NON BR,100187,14,0,14,0
BRA,BN0512,NON BR,100188,8,0,8,0
BRA,BN806,NON BR,100189,18,1,19,0
BRA,BN8828,NON BR,100190,12,1,13,0
BRA,SBI753,SABINA,100192,7,0,7,0
BRA,SBI2000,SABINA,100193,16,0,16,0
BRA,SBH5001,SABINA,100194,6,0,6,0
BRA,SBI799,SABINA,100195,7,0,7,0
BRA,SBI805,SABINA,100196,7,7,14,0
BRA,SBP891,SABINA,100197,6,1,7,0
BRA,SBB578,SABINA,100198,14,0,14,0
BRA,SBC347,SABINA,100199,5,5,10,0
BRA,SBC303,SABINA,100200,5,0,5,0
BRA,SBD6010,SABINA,100201,15,0,15,0
BRA,XBO036,SABINA,100203,12,0,12,0
BRA,SBD3034,SABINA,100204,7,0,7,0
BRA,K-2689,ESSENTIALS,100205,34,0,34,0
BRA,RUBY-B532,TULIP,100206,39,289,287,41
BRA,T-118,TULIP,100207,40,858,841,57
BRA,BJ61463,JULLIET,100208,49,34,83,0
BRA,BJ61305,JULLIET,100209,51,77,128,0
BRA,CITIN,FLOURISH,100210,124,"2,001","1,883",242
BRA,WG003,FLOURISH,100211,69,0,69,0
BRA,WG001,FLOURISH,100248,0,62,62,0
BRA,CITINLUXURY,FLOURISH,100249,0,110,110,0
BRA,DISCLOSURE,FLOURISH,100252,154,774,630,298
BRA,SH9789,NON BR,100259,0,42,42,0
BRA,BN3091,NON BR,100260,0,21,21,0
BRA,SH843,NON BR,100261,0,21,21,0
BRA,SH2147,NON BR,100262,0,21,21,0
BRA,M&SMIX006,M & S,100263,0,114,114,0
BRA,SBD2000,SABINA,100281,0,7,7,0
BRA,SBD4021,SABINA,100282,0,8,8,0
BRA,XBO051,SABINA,100284,0,16,16,0
BRA,SBD4035,SABINA,100285,0,12,12,0
BRA,SH8056,NON BR,100302,0,18,18,0
BRA,SH2148,NON BR,100303,0,9,9,0
BRA,SH717,NON BR,100304,0,18,18,0
BRA,BN8825,NON BR,100305,0,18,18,0
BRA,BN0513,NON BR,100306,0,14,14,0
BRA,BN502,NON BR,100307,0,18,18,0
BRA,SH1856,NON BR,100346,0,24,24,0
BRA,SH2093,NON BR,100347,0,22,22,0
BRA,SH946,NON BR,100348,0,15,15,0
BRA,SH831,NON BR,100349,0,13,13,0
BRA,DB8083,NON BR,100350,0,16,16,0
BRA,BN8025,NON.B,100382,0,30,30,0
BRA,SH2117,NON B,100393,0,21,21,0
BRA,SBB513,SABINA,100395,0,7,7,0
BRA,SBC348,SABINA,100396,0,5,5,0
BRA,BRA200,CANSOY,100439,0,28,28,0
BRA,SH2212,NON BR,100440,0,8,8,0
BRA,SH2128,NON BR,100441,0,12,12,0
BRA,SH2134,NON BR,100442,0,24,24,0
BRA,SH2116,NON BR,100443,0,6,6,0
BRA,BN930,NON BR,100444,0,12,12,0
BRA,BN2011,NON BR,100445,0,12,12,0
BRA,FL3700,NON BR,100488,0,27,27,0
BRA,CITIN,LUXURY FLOURISH,100489,0,51,51,0
BRA,ANGEL,FLOURISH,100490,0,298,289,9
BRA,SBD4040,SABINA,100501,0,12,12,0
BRA,SBD4000,SABINA,100502,0,12,12,0
BRA,SBD6018,SABINA,100503,0,19,19,0
BRA,SBO350,SABINA,100504,0,20,20,0
BRA,PASSION,ESSENTIALS,100506,0,284,250,34
BRA,FL931,BRA,100514,0,20,20,0
BRA,FL983,NON B,100515,0,24,24,0
BRA,FL119,NON B,100516,0,24,24,0
BRA,NOS9997,NONB,100534,0,12,12,0
BRA,NOS9306,NONB,100535,0,18,18,0
BRA,SH2290,NONB,100536,0,16,16,0
BRA,SHL224,NONB,100537,0,24,24,0
BRA,NOS225,NONB,100543,0,45,45,0
BRA,SBU422,SABINA,100544,0,4,4,0
BRA,SBI797,SABINA,100545,0,7,7,0
BRA,BUNTY,TULIP,100556,0,67,50,17
BRA,HBL507,SABINA,100557,0,15,15,0
BRA,SH2223,NONB,100559,0,9,9,0
BRA,SH7716,NONB,100560,0,18,18,0
BRA,SH2310,NONB,100561,0,18,18,0
BRA,NK1269,NONB,100574,0,15,15,0
BRA,AN3115,ANIL,100585,0,12,12,0
BRA,CITINF,FLOURISH,100602,0,147,97,50
BRA,HBL535,SABINA,100605,0,9,9,0
BRA,NOS9393,NOS,100607,0,20,20,0
BRA,NOS1268,NOS,100608,0,13,13,0
BRA,SH2282,NON B,100609,0,17,17,0
BRA,FL8868,FLORISH,100610,0,21,21,0
BRA,FL37620,FLORISH,100611,0,16,16,0
BRA,FL37300,FLORISH,100612,0,18,18,0
BRA,FL1805,NON B,100613,0,18,18,0
BRA,DISCLOSUREF,FLOURISH,100642,0,90,65,25
BRA,FL1021,NON B,100647,0,12,12,0
BRA,FL3264,NON B,100648,0,8,8,0
BRA,FL938,NON B,100649,0,32,32,0
BRA,YI1700,YENI INCI,100661,0,49,49,0
BRA,E3132,NON B,100666,0,18,18,0
BRA,E362,NONB,100667,0,36,36,0
BRA,E8823,NON B,100670,0,27,27,0
BRA,D1837,NON B,100671,0,16,16,0
BRA,D18002,NON B,100672,0,12,12,0
BRA,D6005,NON B,100776,0,24,24,0
BRA,SH8076,NON B,100785,0,12,12,0
BRA,BN8125,NON B,100786,950,985,"1,935",0
BRA,E3593,NON B,100787,0,30,30,0
BRA,E1899,NON B,100788,0,23,23,0
BRA,HBLN543,SABINA,100792,0,12,12,0
BRA,HBL537,SABINA,100794,0,6,6,0
BRA,FL230627,FLORISH,100797,0,98,33,65
BRA,TS230627,FLORISH,100798,0,78,78,0
BRA,SH2249,NONJ B,100801,0,24,24,0
BRA,SH18020,NON B,100802,0,24,24,0
BRA,SHL248,NON B,100803,0,24,24,0
BRA,CS013,NON B,100823,0,18,18,0
BRA,K663,NON B,100824,0,41,41,0
BRA,LA02,NON B,100825,0,63,63,0
BRA,ANURADHA,TULIP,100829,0,84,58,26
BRA,NITA,TULIP,100830,0,142,113,29
BRA,L511,NON B,100845,0,25,25,0
BRA,H8706,NON B,100847,0,34,34,0
BRA,SH976,NON B,100848,0,35,35,0
BRA,SH2309,NON B,100849,0,27,27,0
BRA,HBLP564,SABINA,100868,0,13,13,0
BRA,BN8568,NON B,100928,0,20,20,0
BRA,BN3115,NON B,100929,0,30,30,0
BRA,A054,NON B,100930,0,20,20,0
BRA,A8823,NON B,100931,0,75,75,0
BRA,NBB3699,NBB,100980,0,8,8,0
BRA,SH2374,NON B,100988,0,30,30,0
BRA,HBLP545,SABINA,101032,0,5,5,0
BRA,E539,NON B,101035,0,16,16,0
BRA,N669,NON B,101053,0,28,28,0
BRA,H7984,NON B,101055,0,15,15,0
BRA,HS019,NON B,101108,0,24,24,0
BRA,AN3714,ANIL,101193,0,58,22,36
BRA,AN3592,ANIL,101163,0,52,17,35
BRA,FL230496,FLOURISH,101229,0,106,29,77
BRA,A86,STANDARD,101231,0,25,8,17
BRA,A92,STANDARD,101232,0,25,13,12
BRA,FL23096,FLORISH,101236,0,0,5,-5
BRA,PLEASURE,FLORISH,101374,0,31,0,31
BRA,LOVELY,LACE FLORISH,101375,0,31,0,31
BRA,AN3525,ANIL,101379,0,32,0,32
BRA (NURSING),NBB3581,NBB,100175,30,84,101,13
BRA (NURSING),VG219,NON BR,100356,0,18,18,0
BRA (NURSING),AN3424,ANIL,101172,0,12,9,3
BRA (SPORT),SH075,NON BR,100345,0,19,19,0
BRA (SPORT),SBB695,SABINA,100404,0,8,8,0
BRA (SPORT),MF11027,MISS FIT,100446,0,6,6,0
BRA (SPORT),SH068,NONB,100538,0,53,53,0
BRA (SPORT),SBB719,SABINA,100558,0,8,8,0
BRA (SPORT),SBB1003,SABINA,100663,0,24,24,0
BRA (SPORT),SBB1001,SABINA,101073,0,8,8,0
BRA (SPORT),SB5751,NON B,101311,0,12,11,1
BRA (SPORT),SB1573,NON B,101312,0,12,10,2
BRA (SPORT),SBC1513,NON B,101194,0,12,11,1
BRA (SPORT),SBC1620,NON B,101195,0,24,25,-1
BRA (SPORT),SB3845,NON B,101275,0,12,7,5
BRA (SPORT),S3388,NON B,101344,0,12,1,11
BRA (SPORT),S3857,NON B,101345,0,12,3,9
BRA PADDED,AN3616,ANIL,100166,9,18,26,1
BRA PADDED,GO6000,GOLGE,100177,22,101,106,17
BRA PADDED,GO6031,GOLGE,100178,22,183,207,-2
BRA PADDED,SBD7000,SABINA,100202,15,23,38,0
BRA PADDED,SBD2023,SABINA,100283,0,12,12,0
BRA PADDED,TR7681,TRIUMPH,100487,0,72,72,0
BRA PADDED,GO6035,GOLGE,100575,0,113,104,9
BRA PADDED,AN3106,ANIL,100584,0,70,56,14
BRA PADDED,C153PU,CANSOY,100662,0,8,8,0
BRA PADDED,SHL266,NONB,100668,0,46,48,-2
BRA PADDED,SH784B,NON B,100669,0,18,18,0
BRA PADDED,K338,NON B,100696,0,71,72,-1
BRA PADDED,BALCONY,NON B,100775,0,50,43,7
BRA PADDED,HBLP1000,SABINA,100789,0,22,22,0
BRA PADDED,HBL534,SABINA,100791,0,17,15,2
BRA PADDED,GO6080,GOLGE,100799,0,14,11,3
BRA PADDED,SH7561,NON B,100800,0,36,36,0
BRA PADDED,K3262,NON B,100846,0,38,38,0
BRA PADDED,HBLN554,SABINA,100866,0,25,26,-1
BRA PADDED,HBLP1001,SABINA,100867,0,14,11,3
BRA PADDED,HBAN062,SABINA,100869,0,23,21,2
BRA PADDED,L3016,NON B,100881,0,40,36,4
BRA PADDED,K182,NON B,100882,0,12,6,6
BRA PADDED,SH3002,NON B,100883,0,24,24,0
BRA PADDED,HBLN564,SABINA,100926,0,12,12,0
BRA PADDED,E18011,NON B,100987,0,27,27,0
BRA PADDED,HBLP556,SABINA,101029,0,11,8,3
BRA PADDED,HBA066,SABINA,101031,0,8,7,1
BRA PADDED,H2151,NON B,101033,0,30,30,0
BRA PADDED,H2122,NON B,101034,0,36,36,0
BRA PADDED,A7627,NON B,101036,0,22,20,2
BRA PADDED,CD008,NON B,101037,0,36,36,0
BRA PADDED,HBLP2000,SABINA,101048,0,12,10,2
BRA PADDED,NU198,NURTEKS,101049,0,26,11,15
BRA PADDED,H9059,NON B,101054,0,45,44,1
BRA PADDED,CD003,NON B,101056,0,24,24,0
BRA PADDED,BN2998,NON B,101097,0,21,21,0
BRA PADDED,NKFB053,NON B,101109,0,3,4,-1
BRA PADDED,S8836,NON B,101110,0,21,21,0
BRA PADDED,N1804,NON B,101111,0,9,8,1
BRA PADDED,H2121,NON B,101112,0,18,18,0
BRA PADDED,BN216,NON B,101113,0,9,9,0
BRA PADDED,H8501,NON B,101307,0,30,15,15
BRA PADDED,H6801,NON B,101308,0,24,22,2
BRA PADDED,H1705,NON B,101309,0,30,24,6
BRA PADDED,NBB3479,NBB,101192,0,4,2,2
BRA PADDED,H0012,NONB,101200,0,34,36,-2
BRA PADDED,H6802,NONB,101201,0,20,20,0
BRA PADDED,H2184,NONB,101202,0,12,11,1
BRA PADDED,H6219,NON B,101215,0,20,17,3
BRA PADDED,H6250,NON B,101161,0,24,22,2
BRA PADDED,H20226,NON B,101162,0,30,30,0
BRA PADDED,H7076,NON B,101258,0,47,46,1
BRA PADDED,H3421,NON B,101259,0,24,23,1
BRA PADDED,H6148,NON B,101260,0,24,16,8
BRA PADDED,H6803,NON B,101261,0,24,25,-1
BRA PADDED,H20228,NON B,101262,0,24,15,9
BRA PADDED,H2185,NON B,101263,0,29,15,14
BRA PADDED,H18002,NON B,101280,0,47,31,16
BRA PADDED,BN8073,NON B,101281,0,52,51,1
BRA PADDED,FARIYA,FLOURISH,101234,0,21,20,1
BRA PADDED,H2900,NON B,101342,0,27,24,3
BRA PADDED,H0011,NON B,101350,0,18,6,12
BRA PADDED,HX7373,NON B,101351,0,18,4,14
BRA PADDED,HS018,NON B,101352,0,18,5,13
BRA PADDED,H2901,NON B,101353,0,18,2,16
BRA PADDED,H888,NON B,101354,0,27,5,22
BRA PADDED,GO4605,GOLGE,101378,0,8,0,8
BRA SET,SBDSUD3013,SABINA,100213,6,0,5,1
BRA SET,SBISUI727,SABINA,100214,6,0,6,0
BRA SET,SBISUI812,SABINA,100215,7,0,7,0
BRA SET,SBISUI822,SABINA,100216,7,0,7,0
BRA SET,SBISUI777,SABINA,100217,6,0,6,0
BRA SET,SBISUI667,SABINA,100218,7,0,6,1
BRA SET,KK161,CANSOY,100219,24,31,54,1
BRA SET,KK155,CANSOY,100220,36,63,97,2
BRA SET,KK153PU,CANSOY,100221,42,86,124,4
BRA SET,NKVS135,NON BR,100222,24,0,24,0
BRA SET,GO4715,GOLGE,100223,15,39,53,1
BRA SET,GO4705,GOLGE,100224,15,20,35,0
BRA SET,GO4650,GOLGE,100225,12,17,26,3
BRA SET,GO4740,GOLGE,100226,12,30,38,4
BRA SET,GO4750,GOLGE,100227,8,6,14,0
BRA SET,GO4610,GOLGE,100228,7,23,25,5
BRA SET,GO4565,GOLGE,100229,3,8,11,0
BRA SET,GO4555,GOLGE,100230,14,54,65,3
BRA SET,GO4530,GOLGE,100231,11,44,47,8
BRA SET,GO4725,GOLGE,100232,4,33,36,1
BRA SET,AN4686,ANIL,100233,8,2,10,0
BRA SET,AN4613,ANIL,100234,4,0,4,0
BRA SET,PC4030,PIER CARDIN,100235,6,0,6,0
BRA SET,PC4511PU,PIER CARDIN,100236,11,4,15,0
BRA SET,PC4566,PIER CARDIN,100237,4,0,4,0
BRA SET,PC4020PU,PIER CARDIN,100238,4,0,4,0
BRA SET,PC4565PU,PIER CARDIN,100239,4,0,4,0
BRA SET,PC4563PU,PIER CARDIN,100240,8,0,8,0
BRA SET,PC4561PU,PIER CARDIN,100241,8,0,7,1
BRA SET,PC4562,PIER CARDIN,100242,3,0,3,0
BRA SET,NK7338593,NON BR,100357,0,21,21,0
BRA SET,NK1889,NON BR,100358,0,10,10,0
BRA SET,GO4600PU,GOLGE,100383,0,62,55,7
BRA SET,PCDEVON,PIERE CARDIN,100384,0,8,8,0
BRA SET,PC4491,PIERE CARDIN,100385,0,6,6,0
BRA SET,PC4560,PIERE CARDIN,100386,0,1,1,0
BRA SET,PC4503,PIRERE CARDIN,100387,0,2,2,0
BRA SET,GO4596,GOLGE,100388,0,7,7,0
BRA SET,GO4670,GOLGE,100389,0,2,2,0
BRA SET,NK7704,NON B,100390,0,16,16,0
BRA SET,NK7338,NON B,100391,0,6,6,0
BRA SET,SH102-133,NON B,100392,0,14,14,0
BRA SET,NU4321,NURTEKS,100406,0,14,11,3
BRA SET,NU4040,NURTEKS,100407,0,7,7,0
BRA SET,GO4595,GOLGE,100421,0,5,3,2
BRA SET,PC4491PU,PIERE CARDIN,100422,0,1,1,0
BRA SET,PC4564,PIERE CARDIN,100423,0,9,9,0
BRA SET,GO4600,GOLGE,100447,0,8,8,0
BRA SET,GO4531,GOLGE,100482,0,41,35,6
BRA SET,NK9051,NON BR,100483,0,24,24,0
BRA SET,NK8900,NON BR,100484,0,8,8,0
BRA SET,NK3516,NON BR,100485,0,20,20,0
BRA SET,SPRITE592,NON BR,100486,0,10,10,0
BRA SET,BO8002,BONDY,100509,0,7,7,0
BRA SET,SCM10008,SCM,100511,0,11,11,0
BRA SET,SCM10002,SCM,100512,0,18,18,0
BRA SET,NU4485,NURTEKS,100563,0,38,30,8
BRA SET,AN4637,ANIL,100564,0,6,6,0
BRA SET,HBLHUL515,SABINA,100565,0,19,18,1
BRA SET,HBLHUL516,SABINA,100566,0,6,6,0
BRA SET,HBLHUL508,SABINA,100567,0,9,9,0
BRA SET,NK1922057,NONB,100572,0,5,5,0
BRA SET,SCM10048,SCM,100587,0,6,6,0
BRA SET,HBLHUL533,SABINA,100588,0,17,11,6
BRA SET,PC4511,PIERRE CARDIN,100614,0,1,1,0
BRA SET,NK5047,NON B,100615,0,27,27,0
BRA SET,NK1036,NON B,100616,0,16,16,0
BRA SET,FLASSORT594,NON B,100641,0,81,81,0
BRA SET,NK1232054,NON B,100795,0,5,5,0
BRA SET,H1610,NON B,100826,0,17,17,0
BRA SET,E1905,NON B,100827,0,41,35,6
BRA SET,E1906,NON B,100828,0,21,21,0
BRA SET,HBLHUL548,SABINA,100870,0,3,3,0
BRA SET,HBLHUL544,SABINA,100871,0,5,5,0
BRA SET,HBLNHULN549,SABINA,100872,0,3,3,0
BRA SET,HBLHUL534,SABINA,100873,0,5,5,0
BRA SET,GO7200,GOLGE,100874,0,26,22,4
BRA SET,AN4727,ANIL,100875,0,7,5,2
BRA SET,NU4318,NURTEKS,100876,0,10,9,1
BRA SET,NU4430,NURTEKS,100877,0,24,15,9
BRA SET,NU4591,NURTEKS,100878,0,7,6,1
BRA SET,NU4487,NURTEKS,100879,0,30,24,6
BRA SET,KK300,CONSOY,100880,0,18,18,0
BRA SET,E1908,NON B,100911,0,18,16,2
BRA SET,E18015,NON B,100912,0,24,24,0
BRA SET,AN4743,ANIL,100934,0,10,9,1
BRA SET,AN4728,ANIL,100935,0,8,7,1
BRA SET,PC4615,PIERRE CARDIN,100936,0,3,2,1
BRA SET,NU3512,NURTEKS,100937,0,2,2,0
BRA SET,NU3519,NURTEKS,100938,0,2,2,0
BRA SET,AN4692,ANIL,100939,0,1,1,0
BRA SET,AN5588,ANIL,100940,0,4,4,0
BRA SET,E1707,NON B,100941,0,27,25,2
BRA SET,H6009,NON B,100942,0,15,15,0
BRA SET,C17019,NON B,100943,0,13,13,0
BRA SET,GOMONIKA,GOLGE,100986,0,22,15,7
BRA SET,H7724,NON B,100989,0,41,41,0
BRA SET,C17020,NON B,100990,0,16,16,0
BRA SET,NK2889544,NON B,100992,0,0,-1,1
BRA SET,CAN200S,NON B,100993,0,1,1,0
BRA SET,MIXASS,NON B,101017,0,3,3,0
BRA SET,KK177,NON B,101018,0,6,3,3
BRA SET,NU4432,NURTEKS,101038,0,6,5,1
BRA SET,NU4532,NURTEKS,101039,0,9,9,0
BRA SET,NZ222,NAZIK,101040,0,12,15,-3
BRA SET,NZ111,NAZIK,101041,0,12,7,5
BRA SET,KK191,CANSOY,101042,0,24,24,0
BRA SET,E1921,NON B,101090,0,36,25,11
BRA SET,E1938,NON B,101114,0,42,30,12
BRA SET,E1924,NON B,101115,0,35,32,3
BRA SET,HBLPHULP545,SABINA,101116,0,6,4,2
BRA SET,HBLPHULP1005,SABINA,101117,0,6,1,5
BRA SET,E1932,NON B,101283,0,18,16,2
BRA SET,E1922,NON B,101284,0,6,5,1
BRA SET,GO9300,GOLGE,101285,0,12,4,8
BRA SET,E1907,NON B,101313,0,24,20,4
BRA SET,ADRIANA,ORKIDE,101184,0,3,3,0
BRA SET,EMANUEL,ORKIDE,101185,0,4,3,1
BRA SET,GO4720,GOLGE,101207,0,9,8,1
BRA SET,HBLHUL513,SABINA,101118,0,6,4,2
BRA SET,E1930,NON B,101147,0,24,24,0
BRA SET,NU4385,NURTEKS,101166,0,12,10,2
BRA SET,NU4440,NURTEKS,101167,0,10,6,4
BRA SET,NU4491,NURTEKS,101168,0,6,4,2
BRA SET,NU4340,NURTEEKS,101250,0,4,1,3
BRA SET,GO9700,GOLGE,101251,0,9,6,3
BRA SET,KK173,CANSOY,101230,0,12,11,1
BRA SET,E1939,NON B,101237,0,36,30,6
BRA SET,CA17004,NON B,101238,0,8,6,2
BRA SET,GO8900,GOLGE,101320,0,3,1,2
BRA SET,GO8300,GOLGE,101321,0,10,3,7
BRA SET,GO9500,GOLGE,101322,0,3,1,2
BRA SET,AN4774,ANIL,101323,0,3,2,1
BRA SET,E1945,NON B,101355,0,18,8,10
BRA SET,NU4334,NURTEKS,101369,0,6,0,6
BRA SET,NU4412,NURTEKS,101370,0,3,0,3
BRA SET,NU4434,NURTEKS,101371,0,4,0,4
BRA SET,VS061,VICTORIA SECRET,101376,0,16,0,16
BRA SET [NP],LSH005,LAIKA,101210,0,1,1,0
BRA SET [NP],LTA001,LAIKA,101211,0,19,17,2
BRA SET [NP],LKI002,LAIKA,101212,0,51,28,23
BRA SET [NP],LFI003,LAIKA,101213,0,1,1,0
BRA SET [NP],LAF004,LAIKA,101214,0,26,15,11
BUSTIYER,YI2702,YENI INCI,100102,3,0,3,0
BUSTIYER,PC4487,PIER CARDIN,100103,3,0,1,2
BUSTIYER,AN5575,ANIL,100104,4,4,7,1
BUSTIYER,GO5660,GOLGE,101282,0,3,1,2
CAMISOLE,VG2140,NON BR,100105,5,0,5,0
CAMISOLE,VG1401,NON BR,100106,12,27,39,0
CAMISOLE,SH1288,NON BR,100107,9,0,9,0
CAMISOLE,SH82756-B,NON BR,100108,8,12,20,0
CAMISOLE,SH876,NON BR,100109,9,12,21,0
CAMISOLE,VG214,NON BR,100110,6,1,7,0
CAMISOLE,SH872,NON BR,100111,12,0,12,0
CAMISOLE,SH7400,NON BR,100112,15,25,40,0
CAMISOLE,SH826,NON BR,100287,0,34,34,0
CAMISOLE,SH904,NON BR,100288,0,30,30,0
CAMISOLE,SH838,NON BR,100289,0,10,10,0
CAMISOLE,SH2503,NON BR,100339,0,2,2,0
CAMISOLE,SH636,NON BR,100340,0,7,7,0
CAMISOLE,VG213,NON BR,100341,0,6,6,0
CAMISOLE,BONDYMIX,BONDY,100342,0,12,12,0
CAMISOLE,SH852,NON B,100398,0,8,8,0
CAMISOLE,SH871,NON B,100399,0,23,23,0
CAMISOLE,NKA52,NON BR,100467,0,24,24,0
CAMISOLE,NKLA-6,NON BR,100468,0,12,12,0
CAMISOLE,NK17,NON BR,100469,0,21,21,0
CAMISOLE,NKMA-6,NON BR,100470,0,7,7,0
CAMISOLE,NK3504,CAMISLE,100513,0,7,7,0
CAMISOLE,SH863,NONB,100539,0,16,16,0
CAMISOLE,SH8877,NON B,100540,0,18,17,1
CAMISOLE,E8089,NONB,100581,0,15,15,0
CAMISOLE,E241,NONB,100582,0,17,17,0
CAMISOLE,NK8805,NON B,100657,0,2,2,0
CAMISOLE,NK3001,NON B,100658,0,4,4,0
CAMISOLE,A1123,NON B,100684,0,6,6,0
CAMISOLE,A1607,NON B,100685,0,6,6,0
CAMISOLE,A1121,NON B,100686,0,26,23,3
CAMISOLE,F2902,NON B,100687,0,4,4,0
CAMISOLE,A1313,NON B,100688,0,36,36,0
CAMISOLE,HS302,NON B,100689,0,17,17,0
CAMISOLE,H5280,NON B,100690,0,24,24,0
CAMISOLE,H060,NON B,100691,0,60,60,0
CAMISOLE,NK8783,NON B,100758,0,13,14,-1
CAMISOLE,K605,NON B,100759,0,15,15,0
CAMISOLE,J1904,NON B,100760,0,33,33,0
CAMISOLE,J886227,NON B,100761,0,16,16,0
CAMISOLE,J8315,NON B,100762,0,15,15,0
CAMISOLE,PCH060,PIERRE CARDIN,100805,0,6,6,0
CAMISOLE,NOS249,NON B,100837,0,8,8,0
CAMISOLE,A1305,NON B,100838,0,6,7,-1
CAMISOLE,NOS216,NON B,100839,0,9,9,0
CAMISOLE,NO8089,NON B,100840,0,12,12,0
CAMISOLE,CD705363743,COTTON DANCE,100897,0,15,15,0
CAMISOLE,SH827,NON B,100898,0,4,3,1
CAMISOLE,M1313,NON B,100899,0,7,7,0
CAMISOLE,SH891,NON B,100900,0,6,6,0
CAMISOLE,M1123,NON B,100944,0,12,12,0
CAMISOLE,M1302,NON B,100945,0,19,16,3
CAMISOLE,M1102,NON B,100946,0,86,69,17
CAMISOLE,M1305,NON B,100978,0,6,5,1
CAMISOLE,M1121,NON B,101043,0,3,3,0
CAMISOLE,M1911,NON B,101057,0,11,9,2
CAMISOLE,M1601,NON B,101058,0,20,23,-3
CONTROLING BELT,MF34378,MISSFIT,100113,9,5,14,0
COSPLAYS,GP8370,GALLIPOLI,100330,0,1,1,0
COSPLAYS,GP8392,GALLIPOLI,100331,0,3,3,0
COSPLAYS,GP8200,GALLIPOLI,100332,0,1,1,0
COSPLAYS,GP15502,GALLI POLY,100479,0,5,3,2
COTTON PANTIES,J872B,NON B,101293,0,15,15,0
CROPTOP (STARTER),SHB077,NON BR,100115,12,0,12,0
CROPTOP (STARTER),SH1289,NON BR,100116,3,2,5,0
CROPTOP (STARTER),VG2802,NON BR,100117,6,6,12,0
CROPTOP (STARTER),VG2805,NON BR,100118,8,2,10,0
CROPTOP (STARTER),A444,NON BR,100119,12,0,12,0
CROPTOP (STARTER),A333,NON BR,100120,12,15,27,0
CROPTOP (STARTER),MF1503,MISSFIT,100191,15,0,15,0
CROPTOP (STARTER),VG894,NON BR,100279,0,18,18,0
CROPTOP (STARTER),VG999,NON BR,100280,0,12,12,0
CROPTOP (STARTER),SBC356,SABINA,100344,0,5,5,0
CROPTOP (STARTER),NK5810,NON BR,100480,0,5,5,0
CROPTOP (STARTER),VG2106,NON BR,100481,0,24,24,0
CROPTOP (STARTER),SBC372,SABINA,100500,0,4,4,0
CROPTOP (STARTER),SBG382,SABINA,100569,0,8,8,0
CROPTOP (STARTER),F5121,NON B,100784,0,18,18,0
CROPTOP (STARTER),SBC415,SABINA,100809,0,4,4,0
CROPTOP (STARTER),SBG383,SABINA,100810,0,6,6,0
CROPTOP (STARTER),F5125,NON B,100811,0,9,9,0
CROPTOP (STARTER),F5137,NON B,100812,0,9,9,0
CROPTOP (STARTER),D5130,NON B,100841,0,99,99,0
CROPTOP (STARTER),D815,NON B,100842,0,27,27,0
CROPTOP (STARTER),SBC416,SABINA,100884,0,6,6,0
CROPTOP (STARTER),D6132,NON B,100932,0,10,10,0
CROPTOP (STARTER),D5158,NON B,100933,0,7,7,0
CROPTOP (STARTER),A210,NON B,101106,0,8,8,0
CROPTOP (STARTER),A3313,NON B,101107,0,10,10,0
CROPTOP (STARTER),A2289,NONB,101141,0,25,25,0
CROPTOP (STARTER),A6122,NONB,101142,0,20,20,0
EXTENTIONS,CEX1,CANSOY,100894,0,67,62,5
FRAGRANCES,SUNSET,HUGO BOSS,100017,1,0,1,0
FRAGRANCES,INSPIRATION,LACOSTE,100018,1,0,1,0
FRAGRANCES,TOCADILLY,ROCHAS,100019,2,0,2,0
FRAGRANCES,BEVERLYHILLS,GIORGIO,100020,3,0,3,0
FRAGRANCES,GOLD,CHARLIE,100021,10,0,10,0
FRAGRANCES,EMOTION,PIER CARDIN,100267,0,117,117,0
LACE/SILK PANTIES,CH4974,COTTONHILL,100126,15,26,40,1
LACE/SILK PANTIES,F866,NON B,100836,0,31,29,2
LACE/SILK PANTIES,F201,NON B,100891,0,14,12,2
LACE/SILK PANTIES,J5532BIG,NON B,100915,0,15,14,1
LACE/SILK PANTIES,F376,NON B,100948,0,24,24,0
LACE/SILK PANTIES,K6058,NON B,100949,0,24,19,5
LACE/SILK PANTIES,I8115,NON B,101068,0,6,4,2
LACE/SILK PANTIES,J8846,NON B,101069,0,8,7,1
LACE/SILK PANTIES,LL105269,LADY LYK,101070,0,7,6,1
LACE/SILK PANTIES,I8171,NON B,101072,0,11,11,0
LACE/SILK PANTIES,K6126,NON B,101287,0,12,11,1
LACE/SILK PANTIES,CH4375,COTTON HILL,101288,0,18,13,5
LACE/SILK PANTIES,CD30366,COTTON DANCE,101289,0,10,3,7
LACE/SILK PANTIES,CDK-6,COTTON DANCE,101303,0,12,9,3
LACE/SILK PANTIES,F613,NON B,101314,0,14,6,8
LACE/SILK PANTIES,F6530,NON B,101315,0,12,8,4
LACE/SILK PANTIES,J6661,NON B,101186,0,12,9,3
LACE/SILK PANTIES,B138,NON B,101187,0,14,11,3
LACE/SILK PANTIES,J6140,NON B,101188,0,15,11,4
LACE/SILK PANTIES,CD20650,COTTON DANCE,101206,0,6,6,0
LACE/SILK PANTIES,CD30660,COTTON DANCE,101209,0,6,6,0
LACE/SILK PANTIES,F501,NON B,101316,0,14,8,6
NIGHTIES 3 PCS,NK3882,NON BR,100099,3,0,3,0
NIGHTIES 4 PCS,NK4160,NON BR,100100,4,0,4,0
NIGHTIES CSC,AYDOCAPRI,AYDOGAN,101075,0,5,3,2
NIGHTIES CSC,IP6203,IPEKTEN,101243,0,3,3,0
NIGHTIES CSC,IP6254,IPEKTEN,101244,0,3,3,0
NIGHTIES L+G,NK4006,NON BR,100043,3,0,3,0
NIGHTIES L+G,NK536,NON BR,100044,4,0,4,0
NIGHTIES L+G,NK2120,NON BR,100045,3,0,3,0
NIGHTIES L+G,NK0043,NON BR,100046,3,1,4,0
NIGHTIES L+G,NK0046,NON BR,100047,1,0,1,0
NIGHTIES L+G,NK0060,NON BR,100048,3,0,3,0
NIGHTIES L+G,NK0059,NON BR,100049,4,2,6,0
NIGHTIES L+G,NK2112,NON BR,100050,3,1,4,0
NIGHTIES L+G,NK3864,NON BR,100051,4,3,7,0
NIGHTIES L+G,PC4370,PIER CARDIN,100052,4,3,7,0
NIGHTIES L+G,V2134,VERSACE,100053,4,0,4,0
NIGHTIES L+G,BO6369,BONDY,100054,3,2,5,0
NIGHTIES L+G,BO17228,BONDY,100055,2,0,2,0
NIGHTIES L+G,NL1620,NILAY,100056,6,2,4,4
NIGHTIES L+G,NL1630,NILAY,100057,3,5,6,2
NIGHTIES L+G,NL4360,NILAY,100058,4,0,4,0
NIGHTIES L+G,NK4050,NON BR,100101,2,2,4,0
NIGHTIES L+G,PC4360,PIER CARDIN,100250,0,4,4,0
NIGHTIES L+G,NK0070,NON BR,100292,0,3,3,0
NIGHTIES L+G,NK0066,NON BR,100293,0,5,5,0
NIGHTIES L+G,NK0069,NON BR,100294,0,5,5,0
NIGHTIES L+G,NK3850,NON B,100295,0,10,8,2
NIGHTIES L+G,NK3894,NON BR,100296,0,6,6,0
NIGHTIES L+G,NK3861,NON BR,100297,0,4,4,0
NIGHTIES L+G,NK0078,NON BR,100320,0,3,3,0
NIGHTIES L+G,NK0075,NON BR,100321,0,5,5,0
NIGHTIES L+G,NU5192,NURTEKS,100431,0,13,13,0
NIGHTIES L+G,NU5110,NURTEKS,100432,0,4,3,1
NIGHTIES L+G,NL1320,NILAY,100433,0,3,3,0
NIGHTIES L+G,NK0072,NON B,100449,0,5,6,-1
NIGHTIES L+G,NK0097,NON B,100450,0,21,20,1
NIGHTIES L+G,NK0065,NON BR,100451,0,3,3,0
NIGHTIES L+G,NU5111,NURTEKS,100553,0,11,11,0
NIGHTIES L+G,NK0067,NONB,100554,0,2,2,0
NIGHTIES L+G,R-4115,NONB,100555,0,3,3,0
NIGHTIES L+G,NU5198,NURTEKS,100589,0,14,11,3
NIGHTIES L+G,ES295,ESPUAR,100590,0,3,3,0
NIGHTIES L+G,NK3851,NON B,100591,0,4,4,0
NIGHTIES L+G,NK3860,NON B,100624,0,4,4,0
NIGHTIES L+G,NK0095,NON B,100625,0,10,10,0
NIGHTIES L+G,NK0077,NON B,100626,0,4,3,1
NIGHTIES L+G,NK04,NON B,100627,0,5,5,0
NIGHTIES L+G,NL1540,NILAY,100639,0,3,2,1
NIGHTIES L+G,NK0071,NON B,100766,0,6,5,1
NIGHTIES L+G,NK0074,NON B,100767,0,3,3,0
NIGHTIES L+G,NU5114,NURTEKS,101020,0,1,1,0
NIGHTIES L+G,NU5165,NURTEKS,101021,0,2,2,0
NIGHTIES L+G,L2899,NON B,101024,0,20,17,3
NIGHTIES L+G,L2903,NON B,101025,0,10,5,5
NIGHTIES L+G,NL1880,NILAY,101295,0,5,2,3
NIGHTIES L+G,JR2911,JERMI,101151,0,3,2,1
NIGHTIES L+G,NL1380,NILAY,101152,0,2,0,2
NIGHTIES L+G,IM6203,IMAJ,101180,0,6,4,2
NIGHTIES L+G,FL0113,NON B,101225,0,2,1,1
NIGHTIES L+G,FL0075,NON B,101226,0,3,1,2
NIGHTIES L+G,FL0111,NON B,101235,0,2,0,2
NIGHTIES L+G,JR3039,JEREMI,101337,0,3,2,1
NIGHTIES L+G,NL1870,NILAY,101338,0,3,0,3
NIGHTIES L+G,L826,NON B,101363,0,2,0,2
NIGHTIES LONG,NK6088,NON BR,100022,4,1,5,0
NIGHTIES LONG,NK0063,NON BR,100023,4,2,6,0
NIGHTIES LONG,NK0062,NON BR,100024,4,1,5,0
NIGHTIES LONG,NK0054,NON BR,100025,3,0,3,0
NIGHTIES LONG,NK0035,NON BR,100026,3,0,3,0
NIGHTIES LONG,NK521,NON BR,100027,4,0,4,0
NIGHTIES LONG,NK520,NON BR,100028,4,1,5,0
NIGHTIES LONG,NK2124,NON BR,100029,3,0,3,0
NIGHTIES LONG,NK2118,NON BR,100030,3,0,3,0
NIGHTIES LONG,MAXI584,NON BR,100031,4,0,4,0
NIGHTIES LONG,AYDO6415,AYDOGAN,100032,4,0,4,0
NIGHTIES LONG,BO3375,BONDY,100033,3,1,4,0
NIGHTIES LONG,BO3315,BONDY,100034,3,0,3,0
NIGHTIES LONG,BO3376,BONDY,100035,3,0,3,0
NIGHTIES LONG,BO3373,BONDY,100036,2,1,3,0
NIGHTIES LONG,NBB3973,NBB,100037,2,0,2,0
NIGHTIES LONG,NL356,NILAY,100038,6,3,8,1
NIGHTIES LONG,NL352,NILAY,100039,3,0,3,0
NIGHTIES LONG,NL396,NILAY,100040,5,0,5,0
NIGHTIES LONG,PC917,PIER CARDIN,100042,5,0,5,0
NIGHTIES LONG,NL354,NILAY,100069,3,1,3,1
NIGHTIES LONG,MAXYI1584,NON BR,100251,0,1,1,0
NIGHTIES LONG,BO3388,BONDY,100268,0,7,7,0
NIGHTIES LONG,NK513,NON B,100400,0,4,4,0
NIGHTIES LONG,BO3378,BONDY,100424,0,2,2,0
NIGHTIES LONG,PE3006-U,PERIN,100425,0,3,3,0
NIGHTIES LONG,NK0088,NON BR,100452,0,14,14,0
NIGHTIES LONG,NK0087,NON BR,100453,0,3,3,0
NIGHTIES LONG,NK0061,NON BR,100454,0,4,4,0
NIGHTIES LONG,NK0084,NON BR,100455,0,4,3,1
NIGHTIES LONG,NK66407,NON BR,100456,0,2,2,0
NIGHTIES LONG,NU7166,NURTEKS,100457,0,6,5,1
NIGHTIES LONG,NU7196,NURTEKS,100458,0,5,4,1
NIGHTIES LONG,PC900,PIERE CARDIN,100459,0,5,4,1
NIGHTIES LONG,PC902,PIERE CARDIN,100460,0,3,3,0
NIGHTIES LONG,PE3002U,PERIN,100461,0,3,3,0
NIGHTIES LONG,NK1688,NON B,100521,0,11,9,2
NIGHTIES LONG,NK0086,NONB,100550,0,4,4,0
NIGHTIES LONG,VB1133,VELA BELLA,100570,0,12,5,7
NIGHTIES LONG,NL398,NILAY,100592,0,5,4,1
NIGHTIES LONG,NU7122BIG,NURTEKS,100631,0,4,4,0
NIGHTIES LONG,NK0080,NON B,100652,0,2,2,0
NIGHTIES LONG,NK1190179,NON B,100653,0,2,2,0
NIGHTIES LONG,NK0082,NON B,100660,0,3,3,0
NIGHTIES LONG,NU7122,NURTEKS,100697,0,17,14,3
NIGHTIES LONG,PC903,PIERE CARDIN,100698,0,2,2,0
NIGHTIES LONG,P1190179,NON B,100768,0,2,1,1
NIGHTIES LONG,NK0081,NON B,100769,0,6,6,0
NIGHTIES LONG,NK6407,NON B,100770,0,4,4,0
NIGHTIES LONG,NK0083,NON B,100781,0,1,1,0
NIGHTIES LONG,NU7111,NURTEKS,100902,0,5,3,2
NIGHTIES LONG,BO3006,BONDY,100903,0,3,2,1
NIGHTIES LONG,L8803HS,NON B,100921,0,11,7,4
NIGHTIES LONG,LZF04,NON B,100922,0,12,11,1
NIGHTIES LONG,BO3017,BONDY,100960,0,2,2,0
NIGHTIES LONG,PC4309,PIERE CARDIN,100983,0,1,0,1
NIGHTIES LONG,BO3382,BONDY,101022,0,2,1,1
NIGHTIES LONG,NK1190635,NON B,101087,0,2,2,0
NIGHTIES LONG,DM4229,DIVA MORE,101296,0,3,2,1
NIGHTIES LONG,BO001AST,UN KNOWN,101227,0,1,0,1
NIGHTIES LONG,BO002AST,UN KNOWN,101228,0,1,0,1
NIGHTIES PSC,HHSF0581,HAPPY,100092,8,9,17,0
NIGHTIES PSC,HHS061581,HAPPY,100093,8,6,14,0
NIGHTIES PSC,YIMIX,YENI INCI,100094,12,2,10,4
NIGHTIES PSC,ANHSMIX,ANIL,100096,13,0,13,0
NIGHTIES PSC,USPMIXLP,USPOLO,100097,13,0,13,0
NIGHTIES PSC,AYDOSHORTS,AYDOGAN,100098,2,0,2,0
NIGHTIES PSC,AYDOMIX,AYDOGAN,100301,0,29,28,1
NIGHTIES PSC,AYDOMIXBIG-FS,AYDOGAN,100328,0,2,2,0
NIGHTIES PSC,NBBMIX-FS,NBB,100329,0,13,11,2
NIGHTIES PSC,AYDOFSMIX,AYDOGAN,100381,0,7,7,0
NIGHTIES PSC,HHSO61581,NON B,100410,0,3,3,0
NIGHTIES PSC,HHSFOBIG,NON B,100411,0,9,9,0
NIGHTIES PSC,HHSRNBIG,NON B,100412,0,12,12,0
NIGHTIES PSC,HFSFOBIG,NON B,100413,0,3,3,0
NIGHTIES PSC,HFSRN,HAPPY,100436,0,4,4,0
NIGHTIES PSC,HHSFO581,HAPPY,100477,0,7,7,0
NIGHTIES PSC,DVMIX,DEVINO,100523,0,30,29,1
NIGHTIES PSC,LS384BIG,LADYSHINE,100524,0,12,13,-1
NIGHTIES PSC,AYDOBIG,AYDOGAN,100525,0,1,1,0
NIGHTIES PSC,AN9512,ANIL,100583,0,3,3,0
NIGHTIES PSC,DV2024BIG,DEVINO,100664,0,6,6,0
NIGHTIES PSC,DV2574,DEVINO,100665,0,18,17,1
NIGHTIES PSC,HRN,HAPPY,100704,0,13,13,0
NIGHTIES PSC,HFO,HAPPY,100771,0,6,5,1
NIGHTIES PSC,T200211,TILSIM,100772,0,4,4,0
NIGHTIES PSC,ITMIX,IPEKTEN,100773,0,3,3,0
NIGHTIES PSC,AN9518,ANIL,100782,0,4,4,0
NIGHTIES PSC,F6118,NON B,100783,0,21,21,0
NIGHTIES PSC,AYDOMIXBIG-HS,AYDOGAN,100808,0,7,3,4
NIGHTIES PSC,AN9506,ANIL,100843,0,8,8,0
NIGHTIES PSC,DS13850,DEEP SLEEP,100906,0,3,3,0
NIGHTIES PSC,NBB66014F,NBB,100907,0,2,2,0
NIGHTIES PSC,DV,DEVINO,100908,0,3,3,0
NIGHTIES PSC,L0760,NON B,100916,0,3,3,0
NIGHTIES PSC,L848FO,NON B,100917,0,26,25,1
NIGHTIES PSC,LOO7RN,NON B,100918,0,11,12,-1
NIGHTIES PSC,L138K,NON B,100919,0,8,7,1
NIGHTIES PSC,L831,NON B,100925,0,14,8,6
NIGHTIES PSC,LB1018,LINGA BOOM,100962,0,2,0,2
NIGHTIES PSC,AYDOMIXBIG,AYDOGAN,101003,0,1,1,0
NIGHTIES PSC,LB1006,LINGABOOM,101004,0,2,2,0
NIGHTIES PSC,LB1036,LINGABOOM,101005,0,1,1,0
NIGHTIES PSC,LB1025,LINGABOOM,101006,0,1,1,0
NIGHTIES PSC,LB1001,LINGABOOM,101007,0,3,2,1
NIGHTIES PSC,LB1029,LINGABOOM,101009,0,2,2,0
NIGHTIES PSC,DS13191,DEEP SLEEP,101076,0,2,2,0
NIGHTIES PSC,L007RN,NON B,101082,0,18,16,2
NIGHTIES PSC,AN9510,ANIL,101091,0,1,1,0
NIGHTIES PSC,AN9589,ANIL,101092,0,3,3,0
NIGHTIES PSC,AN9582,ANIL,101093,0,3,2,1
NIGHTIES PSC,AY9324,AYDOGAN,101094,0,3,3,0
NIGHTIES PSC,EL3019BIG,ELITOL,101095,0,3,1,2
NIGHTIES PSC,LS59459BIG,LADY SHINE,101096,0,2,2,0
NIGHTIES PSC,IP618FO,IPEKTEN,101299,0,5,0,5
NIGHTIES PSC,K501,KILLIC,101300,0,4,1,3
NIGHTIES PSC,SM3054,STILL MODA,101301,0,12,11,1
NIGHTIES PSC,EL2097,ELITOL,101157,0,3,3,0
NIGHTIES PSC,IP4762,IPEKTEN,101158,0,3,4,-1
NIGHTIES PSC,AYDO4739B,AYDOGAN,101159,0,7,3,4
NIGHTIES PSC,EL2165B,ELITOL,101160,0,2,2,0
NIGHTIES PSC,SM001,STIL MODA,101169,0,12,12,0
NIGHTIES PSC,SU1048,SUDE,101175,0,4,4,0
NIGHTIES PSC,AYDOMIXFS,AYDOGAN,101176,0,9,8,1
NIGHTIES PSC,EL216539B,ELITOL,101178,0,2,2,0
NIGHTIES PSC,AYDO9041,AYDOGAN,101255,0,4,4,0
NIGHTIES PSC,EL3019B,ELITOL,101257,0,3,1,2
NIGHTIES PSC,EL3016,ELITOL,101245,0,3,2,1
NIGHTIES PSC,EL3061,ELITOL,101246,0,3,3,0
NIGHTIES PSC,AYDO9032,AYDOGAN,101247,0,3,3,0
NIGHTIES PSC,EL3070,ELITOL,101249,0,3,0,3
NIGHTIES PSC,SU1018,SUDE,101325,0,4,0,4
NIGHTIES PSC,SU1016,SUDE,101326,0,3,0,3
NIGHTIES PSC,AN9604,ANIL,101327,0,3,2,1
NIGHTIES PSC,AYDO4466,AYDOGAN,101328,0,2,0,2
NIGHTIES PSC,AYDO4455,AYDOGAN,101329,0,2,0,2
NIGHTIES PSC,LB001,LINGABOOM,101330,0,1,0,1
NIGHTIES PSC,LB1010,LINGABOOM,101331,0,1,0,1
NIGHTIES PSC,LB1007,LINGABOOM,101332,0,1,0,1
NIGHTIES PSC,AYDO16007,AYDOGAN,101333,0,3,0,3
NIGHTIES PSC,AL5739,ALISSA,101366,0,4,0,4
NIGHTIES PSC,AL5721,ALISSA,101367,0,4,1,3
NIGHTIES PSC,AYDO4511,AYDOGAN,101368,0,2,0,2
NIGHTIES PSS,NK0052,NON BR,100081,3,0,3,0
NIGHTIES PSS,NK2113,NON BR,100082,3,0,3,0
NIGHTIES PSS,NK549,NON BR,100083,2,0,2,0
NIGHTIES PSS,NK547,NON BR,100084,4,0,4,0
NIGHTIES PSS,NK2125,NON BR,100085,3,0,3,0
NIGHTIES PSS,V3127,VERSACE,100086,2,0,2,0
NIGHTIES PSS,V3113,VERSACE,100087,3,0,3,0
NIGHTIES PSS,NL1040,NILAY,100088,3,0,3,0
NIGHTIES PSS,NL1150,NILAY,100089,3,1,4,0
NIGHTIES PSS,PC1160,PIERE CARDIN,100090,4,12,14,2
NIGHTIES PSS,PC1140,PIER CARDIN,100091,2,5,7,0
NIGHTIES PSS,NK617,NON BR,100272,0,15,15,0
NIGHTIES PSS,NK612,NON BR,100273,0,10,10,0
NIGHTIES PSS,NK610,NON BR,100274,0,18,17,1
NIGHTIES PSS,NK613,NON BR,100275,0,14,14,0
NIGHTIES PSS,NK615,NON BR,100298,0,12,12,0
NIGHTIES PSS,NK608,NON BR,100299,0,11,11,0
NIGHTIES PSS,NK618,NON BR,100300,0,6,6,0
NIGHTIES PSS,NK611,NON BR,100322,0,10,10,0
NIGHTIES PSS,NU5692,NURTEKS,100362,0,13,13,0
NIGHTIES PSS,NU5909,NURTEKS,100405,0,21,21,0
NIGHTIES PSS,NK644,NON B,100408,0,3,3,0
NIGHTIES PSS,NK801,NON B,100409,0,2,2,0
NIGHTIES PSS,NU5809,NURTEKS,100434,0,3,3,0
NIGHTIES PSS,NU5942,NURTEKS,100435,0,2,2,0
NIGHTIES PSS,RO4159,NON BR,100464,0,3,3,0
NIGHTIES PSS,RO4115,NON BR,100465,0,4,4,0
NIGHTIES PSS,NK638,NON BR,100466,0,3,3,0
NIGHTIES PSS,NK614,NONB,100526,0,3,3,0
NIGHTIES PSS,BO9002,BONDY,100527,0,7,7,0
NIGHTIES PSS,NU5935,NURTEKS,100571,0,1,1,0
NIGHTIES PSS,NU5665,NURTEKS,100634,0,14,14,0
NIGHTIES PSS,NK673,NON B,100635,0,7,7,0
NIGHTIES PSS,NK684,NON B,100636,0,4,4,0
NIGHTIES PSS,NK680,NON B,100637,0,8,8,0
NIGHTIES PSS,NK681,NON B,100638,0,11,11,0
NIGHTIES PSS,NK674,NON B,100640,0,2,2,0
NIGHTIES PSS,NK676,NON B,100655,0,7,7,0
NIGHTIES PSS,NK675,NON B,100656,0,18,18,0
NIGHTIES PSS,NK677,NON B,100692,0,15,15,0
NIGHTIES PSS,NK697,NON B,100693,0,4,4,0
NIGHTIES PSS,NK702,NON B,100821,0,3,3,0
NIGHTIES PSS,NK699,NON B,100822,0,8,8,0
NIGHTIES PSS,JR2910,JEREMI,100851,0,3,3,0
NIGHTIES PSS,NU5919,NURTEKS,100852,0,11,7,4
NIGHTIES PSS,NU5691,NURTEKS,100853,0,4,4,0
NIGHTIES PSS,NU5689,NURTEKS,100854,0,3,3,0
NIGHTIES PSS,FL716,NON B,100855,0,10,9,1
NIGHTIES PSS,NK692,NON B,100856,0,6,6,0
NIGHTIES PSS,NK719,NON B,100923,0,7,6,1
NIGHTIES PSS,G1277,NON B,100924,0,5,5,0
NIGHTIES PSS,NU5675,NURTEKS,100961,0,1,1,0
NIGHTIES PSS,PC1100,PIERE CARDIN,101013,0,3,2,1
NIGHTIES PSS,NU5922,NURTEKS,101015,0,2,1,1
NIGHTIES PSS,NU5656,NURTEKS,101023,0,7,7,0
NIGHTIES PSS,FL719,NON B,101083,0,1,2,-1
NIGHTIES PSS,FL703,NON B,101084,0,3,3,0
NIGHTIES PSS,FL702,NON B,101085,0,1,1,0
NIGHTIES PSS,L2882,NON B,101086,0,14,14,0
NIGHTIES PSS,IM2247,IMAJ,101294,0,3,3,0
NIGHTIES PSS,FL763,NON B,101216,0,6,5,1
NIGHTIES PSS,NK200,NON B,101155,0,1,1,0
NIGHTIES PSS,NU5997,NURTEEKS,101156,0,2,2,0
NIGHTIES PSS,AYDO14054,AYDOGAN,101179,0,3,3,0
NIGHTIES PSS,NU5921,NURTEKS,101183,0,6,6,0
NIGHTIES PSS,FL765,NON B,101270,0,4,2,2
NIGHTIES PSS,FL762,NON B,101217,0,4,3,1
NIGHTIES PSS,FL755,NON B,101220,0,6,3,3
NIGHTIES PSS,FL726,NON B,101221,0,3,3,0
NIGHTIES PSS,FL753,NON B,101222,0,5,1,4
NIGHTIES PSS,FL757,NON B,101224,0,8,4,4
NIGHTIES PSS,SL210,NON B,101233,0,11,10,1
NIGHTIES PSS,AN9606,ANIL,101339,0,4,2,2
NIGHTIES PSS,PC1121,PIERE CARDIN,101340,0,3,1,2
NIGHTIES PSS,FL761,NON B,101341,0,2,1,1
NIGHTIES PSS,FL752,NON B,101373,0,3,0,3
NIGHTIES S+G,NK0053,NON BR,100075,3,3,6,0
NIGHTIES S+G,NK8309,NON BR,100076,4,4,8,0
NIGHTIES S+G,NKAB33,NON BR,100077,3,3,6,0
NIGHTIES S+G,PC4107,PIER CARDIN,100078,3,2,5,0
NIGHTIES S+G,PC4105,PIER CARDIN,100079,6,0,6,0
NIGHTIES S+G,NL1370,NILAY,100080,6,1,5,2
NIGHTIES S+G,NK6511,NON BR,100276,0,4,4,0
NIGHTIES S+G,NKAB-33,NON BR,100319,0,2,2,0
NIGHTIES S+G,NK6318,NON B,100403,0,5,5,0
NIGHTIES S+G,BO9006,BONDY,100429,0,1,1,0
NIGHTIES S+G,NL1480,NILAY,100430,0,3,2,1
NIGHTIES S+G,NK760,NON BR,100448,0,3,3,0
NIGHTIES S+G,VB2164,VELABELLA,100551,0,6,5,1
NIGHTIES S+G,PC4285,PIERECARDIN,100552,0,3,3,0
NIGHTIES S+G,NK1226,NON B,100594,0,10,10,0
NIGHTIES S+G,CR53233,CAROLINE,100595,0,3,3,0
NIGHTIES S+G,CR54222BIG,CAROLINE,100596,0,3,3,0
NIGHTIES S+G,NK628,NONB,100601,0,1,1,0
NIGHTIES S+G,NU5355,NURTEKS,100603,0,19,18,1
NIGHTIES S+G,NK687,NON B,100628,0,3,3,0
NIGHTIES S+G,PC4090,PIERRE CARDIN,100629,0,2,2,0
NIGHTIES S+G,NU5386,NURTEKS,100630,0,1,1,0
NIGHTIES S+G,NK72309,NON B,100650,0,20,18,2
NIGHTIES S+G,NU5344,NURTEKS,100700,0,6,5,1
NIGHTIES S+G,BO6002,BONDY,100701,0,3,1,2
NIGHTIES S+G,NU5396,NURTEKS,100702,0,1,1,0
NIGHTIES S+G,NK689,NON B,100755,0,2,2,0
NIGHTIES S+G,NU5319,NURTEKS,100862,0,6,6,0
NIGHTIES S+G,NU5309,NURTEKS,100863,0,4,2,2
NIGHTIES S+G,NK309,NON B,100864,0,5,5,0
NIGHTIES S+G,PC4201,PIERE CARDIN,100979,0,2,1,1
NIGHTIES S+G,NBB3928,NBB,100981,0,1,1,0
NIGHTIES S+G,NU5332,NURTEKS,100984,0,1,1,0
NIGHTIES S+G,F1187,NON B,101011,0,8,7,1
NIGHTIES S+G,FS8385,NON B,101012,0,3,3,0
NIGHTIES S+G,S8379,NON B,101050,0,4,3,1
NIGHTIES S+G,S8385,NON B,101051,0,5,4,1
NIGHTIES S+G,F1226,NON B,101052,0,6,4,2
NIGHTIES S+G,L92435,NON B,101063,0,6,3,3
NIGHTIES S+G,L2898,NON B,101203,0,10,3,7
NIGHTIES S+G,NL1760,NILAY,101126,0,4,3,1
NIGHTIES S+G,PC4240,PIERRE CARDIN,101127,0,3,3,0
NIGHTIES S+G,NK001,NON B,101128,0,1,1,0
NIGHTIES S+G,S8381,NON B,101129,0,5,2,3
NIGHTIES S+G,S8383,NON B,101148,0,2,1,1
NIGHTIES S+G,NK22309,NON B,101149,0,2,2,0
NIGHTIES S+G,F3036,NON B,101150,0,3,2,1
NIGHTIES S+G,IM6213,IMAJ,101181,0,3,3,0
NIGHTIES S+G,IM6204,IMAJ,101182,0,3,3,0
NIGHTIES S+G,NU5320,NURTEKS,101252,0,3,3,0
NIGHTIES S+G,NU5351,NURTEKS,101253,0,3,1,2
NIGHTIES S+G,PC4025,PIERE CARDIN,101254,0,3,1,2
NIGHTIES S+G,S8371,NON B,101271,0,1,0,1
NIGHTIES S+G,FL747,NON B,101272,0,2,1,1
NIGHTIES S+G,FL748,NON B,101218,0,3,2,1
NIGHTIES S+G,FL750,NON B,101219,0,3,1,2
NIGHTIES S+G,L825,NON B,101317,0,3,0,3
NIGHTIES S+G,PC4170,PIERE CARDIN,101335,0,2,1,1
NIGHTIES S+G,PC4350,PIERE CARDIN,101336,0,1,1,0
NIGHTIES S+G,S6650,NON B,101364,0,2,0,2
NIGHTIES S+G,L76087611,NON B,101365,0,2,0,2
NIGHTIES SHORT,NC1160,NON BR,100059,2,0,2,0
NIGHTIES SHORT,NCA588599,NON BR,100060,12,33,45,0
NIGHTIES SHORT,SH845,NON BR,100061,2,3,5,0
NIGHTIES SHORT,VISELLAMIX,NON BR,100062,8,0,8,0
NIGHTIES SHORT,NK1784,NON BR,100063,4,0,4,0
NIGHTIES SHORT,NK0949,NON BR,100064,4,0,4,0
NIGHTIES SHORT,NK1813,NON BR,100065,4,2,6,0
NIGHTIES SHORT,BO5365,BONDY,100066,3,1,3,1
NIGHTIES SHORT,BO5333,BONDY,100067,2,0,2,0
NIGHTIES SHORT,NL368,NILAY,100068,3,0,3,0
NIGHTIES SHORT,NL384,NILAY,100070,3,0,3,0
NIGHTIES SHORT,NL336,NILAY,100071,3,0,2,1
NIGHTIES SHORT,PC601,PIER CARDIN,100072,5,3,8,0
NIGHTIES SHORT,PC613,PIER CARDIN,100073,3,0,3,0
NIGHTIES SHORT,PC627,PIER CARDIN,100074,7,5,12,0
NIGHTIES SHORT,BO5372,BONDY,100269,0,2,2,0
NIGHTIES SHORT,NKS15309,NON BR,100270,0,2,2,0
NIGHTIES SHORT,NK1238,NON BR,100271,0,4,4,0
NIGHTIES SHORT,NK1239,NON BR,100323,0,6,6,0
NIGHTIES SHORT,NK2043,NON B,100324,0,4,1,3
NIGHTIES SHORT,BO5371,BONDY,100325,0,3,3,0
NIGHTIES SHORT,BO5373,BONDY,100326,0,3,3,0
NIGHTIES SHORT,PC622,BONDY,100327,0,3,3,0
NIGHTIES SHORT,NC3808,NON B,100401,0,2,2,0
NIGHTIES SHORT,NC398,NON B,100402,0,14,14,0
NIGHTIES SHORT,NU5417,NURTEKS,100426,0,28,22,6
NIGHTIES SHORT,NL388,NILAY,100427,0,3,3,0
NIGHTIES SHORT,PC600,PIERE CARDIN,100428,0,5,4,1
NIGHTIES SHORT,NK1199,NON BR,100462,0,5,5,0
NIGHTIES SHORT,NKS51,NON BR,100463,0,16,16,0
NIGHTIES SHORT,NU5424,NURTEKS,100471,0,6,6,0
NIGHTIES SHORT,NL376,NILAY,100472,0,3,1,2
NIGHTIES SHORT,PC777,PIER CARDIN,100473,0,3,3,0
NIGHTIES SHORT,NK8768,NK8768,100474,0,5,5,0
NIGHTIES SHORT,NK8142,NON BR,100475,0,2,2,0
NIGHTIES SHORT,NK1228,NON BR,100476,0,10,10,0
NIGHTIES SHORT,NK525,NONB,100517,0,2,2,0
NIGHTIES SHORT,NK1219,NONB,100518,4,4,8,0
NIGHTIES SHORT,NU5444,NURTEKS,100519,0,5,3,2
NIGHTIES SHORT,NU5441,NURTEKS,100520,0,5,5,0
NIGHTIES SHORT,NBB3963,NBB,100597,0,4,4,0
NIGHTIES SHORT,NL338,NILAY,100598,0,1,0,1
NIGHTIES SHORT,NK1538,NONB,100599,0,1,1,0
NIGHTIES SHORT,NKT2066,NON B,100600,0,2,2,0
NIGHTIES SHORT,NU5417BIG,NURTEKS,100604,0,4,3,1
NIGHTIES SHORT,NK2063,NON B,100651,0,37,37,0
NIGHTIES SHORT,SH975,NON B,100694,0,3,3,0
NIGHTIES SHORT,SH964,NON B,100695,0,6,6,0
NIGHTIES SHORT,VB1123,VELA BELLA,100699,0,2,2,0
NIGHTIES SHORT,NK1190833,NON B,100756,0,3,3,0
NIGHTIES SHORT,SH957,NON B,100757,0,4,4,0
NIGHTIES SHORT,NL424,NILAY,100857,0,5,4,1
NIGHTIES SHORT,NU5491,NURTEKS,100858,0,19,17,2
NIGHTIES SHORT,L984,NON B,100859,0,2,2,0
NIGHTIES SHORT,LIKAMIX,NON B,100860,0,15,15,0
NIGHTIES SHORT,L7602,NON B,100861,0,13,11,2
NIGHTIES SHORT,L941,NON B,100901,0,8,6,2
NIGHTIES SHORT,GO7210,GOLGE,100985,0,4,3,1
NIGHTIES SHORT,NL382,NILAY,101016,0,3,2,1
NIGHTIES SHORT,L2859,NON B,101026,0,5,4,1
NIGHTIES SHORT,L7606,NON B,101027,0,9,9,0
NIGHTIES SHORT,L969,NON B,101028,0,11,8,3
NIGHTIES SHORT,LIKA988,NON B,101088,0,1,1,0
NIGHTIES SHORT,NK1480,NON B,101089,0,1,1,0
NIGHTIES SHORT,DM6146,DIVA MORE,101297,0,3,0,3
NIGHTIES SHORT,DM6133,DIVA MORE,101298,0,3,2,1
NIGHTIES SHORT,BO5037,BONDY,101121,0,1,1,0
NIGHTIES SHORT,PC602,PIERE CARDIN,101122,0,3,2,1
NIGHTIES SHORT,PC635,PIERRE CARDIN,101123,0,2,2,0
NIGHTIES SHORT,L966,NON B,101124,0,9,9,0
NIGHTIES SHORT,NK1799,NON B,101125,0,2,-1,3
NIGHTIES SHORT,NK1284,NON B,101153,0,1,1,0
NIGHTIES SHORT,NL416,NILAY,101154,0,3,2,1
NIGHTIES SHORT,NY3002,NOYA,101267,0,16,2,14
NIGHTIES SHORT,L7605,NON B,101268,0,5,2,3
NIGHTIES SHORT,L2865,NON B,101269,0,4,3,1
NIGHTIES SHORT,S9150,NON B,101318,0,5,2,3
NIGHTIES SHORT,L2803,NON B,101319,0,6,3,3
NIGHTIES SHORT,AN5733,ANIL,101334,0,2,1,1
NIGHTIES SSC,YISHORTS,YENI INCI,100095,6,0,5,1
NIGHTIES SSC,SVMSHORTS,SEVIM,100277,0,3,3,0
NIGHTIES SSC,SVM4962,SEVIM,100278,0,3,2,1
NIGHTIES SSC,ANSHORTS,ANIL,100478,0,2,2,0
NIGHTIES SSC,IP5148,IPEKTEN,100905,0,3,3,0
NIGHTIES SSC,CR92307,CAROLINE,101059,0,2,1,1
NIGHTIES SSC,SU3905,SUDE,101302,0,8,2,6
NIGHTIES SSC,IP612FO,IPEKTEN,101256,0,3,1,2
NIGHTIES SSS,NU5509,NURTEKS,100531,0,5,4,1
NIGHTIES SSS,NC6624,NONB,100549,0,7,7,0
NIGHTIES SSS,PC400,PIERRE CARDIN,100632,0,2,2,0
NIGHTIES SSS,PC420,PIERRE CARDIN,100633,0,2,2,0
NIGHTIES SSS,NCA207,NON B,100703,0,28,29,-1
NIGHTIES SSS,NU5521,NURTEKS,100780,0,14,9,5
NIGHTIES SSS,NU5519,NURTEKS,100850,0,3,2,1
NIPPLE SILICON PAD,NKNSP011,NON BR,100258,0,12,12,0
PAJAMA (COTTON/SILK/JOGING),HP85,NONB,100243,0,46,46,0
PAJAMA (COTTON/SILK/JOGING),SP521,NON BR,100361,0,6,6,0
PAJAMA (COTTON/SILK/JOGING),NK311,NON B,100579,0,7,7,0
PAJAMA (COTTON/SILK/JOGING),NK2012,NONB,100580,0,3,3,0
PAJAMA (COTTON/SILK/JOGING),PJ002,PAJAMA,100774,0,10,10,0
PAJAMA (COTTON/SILK/JOGING),KPJ750,KALIPLI,100895,0,31,31,0
PAJAMA (COTTON/SILK/JOGING),NK820,NON B,101078,0,3,1,2
PAJAMA (COTTON/SILK/JOGING),SY7090,NON B,101079,0,1,1,0
PAJAMA (COTTON/SILK/JOGING),ST001,NON B,101080,0,10,7,3
PAJAMA (COTTON/SILK/JOGING),NKTR24,NON B,101081,0,18,20,-2
PAJAMA (COTTON/SILK/JOGING),PL889,POEM LIFE,101286,0,12,10,2
PAJAMA (COTTON/SILK/JOGING),RN001,NON B,101170,0,20,14,6
PANTIES,MF1202,MISSFIT,100121,6,43,49,0
PANTIES,CH04490849,COTTONHILL,100122,36,2,38,0
PANTIES,CH0203,COTTONHILL,100123,12,1,13,0
PANTIES,CH0298BIG,COTTONHILL,100124,12,0,12,0
PANTIES,CH0558,COTTONHILL,100125,12,0,12,0
PANTIES,CH4968,COTTONHILL,100127,12,22,34,0
PANTIES,CH4962,COTTONHILL,100128,24,70,94,0
PANTIES,CH4970,COTTONHILL,100129,12,0,12,0
PANTIES,CH04620993,COTTONHILL,100130,12,6,18,0
PANTIES,LL38694,LADYLYC,100131,16,14,30,0
PANTIES,LL526619BIG,LADYLYC,100132,9,1,10,0
PANTIES,LL52860BIG,LADYLYC,100133,12,3,15,0
PANTIES,LL52660,LADYLYC,100135,9,0,9,0
PANTIES,BN698,NON BR,100137,15,1,16,0
PANTIES,SH3154,NON BR,100138,12,3,15,0
PANTIES,SH3147,NON BR,100139,12,11,23,0
PANTIES,SH907,NON BR,100140,12,1,13,0
PANTIES,BN1297,NON BR,100141,17,1,18,0
PANTIES,SHA113,NON BR,100254,0,17,17,0
PANTIES,CH04090809,COTTONHILL,100264,0,61,61,0
PANTIES,CH0116,COTTONHILL,100265,0,24,24,0
PANTIES,CH4960,COTTONHILL,100266,0,30,30,0
PANTIES,CH0298,COTTONHILL,100290,0,14,14,0
PANTIES,ELBRINAP,ESSENTIALS,100291,0,11,11,0
PANTIES,BN8835,NON BR,100309,0,12,12,0
PANTIES,SH544,NON BR,100310,0,26,26,0
PANTIES,SH311,NON BR,100311,0,6,6,0
PANTIES,SH3044,NON BR,100312,0,42,42,0
PANTIES,SH3156,NON BR,100313,0,18,18,0
PANTIES,VG8292,NON BR,100314,0,104,104,0
PANTIES,CH0975,COTTONHILL,100333,0,12,12,0
PANTIES,CH09560253,COTTONHILL,100334,0,16,16,0
PANTIES,SH743,NON BR,100335,0,18,18,0
PANTIES,NKVS006,NON BR,100336,0,11,11,0
PANTIES,SH036,NON BR,100337,0,6,6,0
PANTIES,SH328,NON BR,100338,0,8,8,0
PANTIES,SH5503,NON BR,100359,0,12,12,0
PANTIES,SH784,NON BR,100360,0,29,29,0
PANTIES,VG159,NON B,100415,0,24,24,0
PANTIES,BN096,NON B,100416,0,13,13,0
PANTIES,LL526572,LADY LYC,100418,0,7,7,0
PANTIES,LL38584,LADY LYC,100420,0,7,7,0
PANTIES,NK5486,NON BR,100491,0,12,12,0
PANTIES,SH6747,NON BR,100492,0,12,12,0
PANTIES,NK320,NON BR,100494,0,26,26,0
PANTIES,NK4121,NON BR,100495,0,10,10,0
PANTIES,NK2015,NON BR,100496,0,10,10,0
PANTIES,NK462,NON BR,100497,0,16,16,0
PANTIES,NTMIX,NICOLETTA,100505,75,165,240,0
PANTIES,SH815,NON B,100508,0,12,12,0
PANTIES,SH862,NONB,100532,0,12,12,0
PANTIES,VG706F,NONB,100541,0,10,10,0
PANTIES,VG9282,NONB,100542,0,35,35,0
PANTIES,SH5575,NONB,100548,0,15,15,0
PANTIES,CH0176,COTTONHILL,100576,0,14,14,0
PANTIES,NC27879BIG,NICOLETTA,100578,0,30,30,0
PANTIES,CH0186,COTTON HILL,100586,0,12,12,0
PANTIES,CH4551,COTTON HILL,100617,0,12,12,0
PANTIES,CH4462,COTTON HILL,100618,0,12,12,0
PANTIES,NT163344,NICOLETTA,100619,0,21,21,0
PANTIES,NT27879BIG,NICOLETTA,100620,0,15,15,0
PANTIES,NK014,NON B,100621,0,12,12,0
PANTIES,NK8131,NONB,100622,0,10,10,0
PANTIES,NK7012,NON B,100643,0,30,30,0
PANTIES,NK858,NON B,100645,0,12,12,0
PANTIES,NT83051,NON B,100646,0,12,12,0
PANTIES,NK2201,NON B,100659,0,10,10,0
PANTIES,A8088,NON B,100673,0,12,12,0
PANTIES,A2448,NON B,100675,0,12,12,0
PANTIES,B01,NON B,100676,0,27,27,0
PANTIES,B7781,NON B,100677,0,25,25,0
PANTIES,B820,NON B,100678,0,12,12,0
PANTIES,C172,NON B,100679,0,12,12,0
PANTIES,C188,NON B,100680,0,15,15,0
PANTIES,G977,NON B,100681,0,12,12,0
PANTIES,G985,NON B,100682,0,16,16,0
PANTIES,V-ELIZA,NON B,100683,0,12,12,0
PANTIES,B6511,NON B,100765,0,14,14,0
PANTIES,C186,NON B,100777,0,12,12,0
PANTIES,A8012,NON B,100778,0,12,12,0
PANTIES,A8070,NON B,100779,0,13,13,0
PANTIES,G309,NON B,100796,0,8,8,0
PANTIES,CH0849PR,COTTON HILL,100813,0,124,124,0
PANTIES,CH0849PL,COTTON HILL,100814,0,120,120,0
PANTIES,CH0720BIG,COTTON HILL,100815,0,48,48,0
PANTIES,CH0721BIG,COTTON HILL,100816,0,850,850,0
PANTIES,LL105129,LADY LYK,100817,0,20,20,0
PANTIES,LL105183,LADY LYK,100818,0,16,16,0
PANTIES,LL105135,LADY LYK,100819,0,21,16,5
PANTIES,LL105137BIG,LADY LYK,100820,0,17,21,-4
PANTIES,BW224,NON B,100831,0,36,36,0
PANTIES,G182,NON B,100832,0,24,24,0
PANTIES,1216,NON B,100834,0,43,34,9
PANTIES,LL10567,NON B,100835,0,23,23,0
PANTIES,I6134,NON B,100844,0,10,10,0
PANTIES,16389,NON B,100885,0,12,12,0
PANTIES,G186,NON B,100886,0,12,12,0
PANTIES,G184,NON B,100887,0,14,14,0
PANTIES,16335BIG,NON B,100888,0,12,12,0
PANTIES,16134BIG,NON B,100889,0,10,10,0
PANTIES,F820,NON B,100890,0,10,10,0
PANTIES,F366,NON B,100892,0,8,4,4
PANTIES,DO35000,DOMINANT,100893,0,36,36,0
PANTIES,B283,NON B,100947,0,12,12,0
PANTIES,I8843,NON B,100950,0,12,12,0
PANTIES,I6381,NON B,100951,0,13,13,0
PANTIES,I2298,NON B,100952,0,14,14,0
PANTIES,I6358,NON B,100953,0,8,8,0
PANTIES,M8063,NON B,100954,0,12,12,0
PANTIES,M1813,NON B,100955,0,36,34,2
PANTIES,G185,NON B,100956,0,8,7,1
PANTIES,K738,NON B,100957,0,18,18,0
PANTIES,G179,NON B,100994,0,12,12,0
PANTIES,I7849,NON B,100995,0,6,6,0
PANTIES,I216,NON B,100996,0,2,11,-9
PANTIES,I6335,NON B,100997,0,14,14,0
PANTIES,I8912,NON B,100998,0,23,23,0
PANTIES,I6194,NON B,100999,0,12,12,0
PANTIES,F355,NON B,101000,0,12,11,1
PANTIES,LL105137,NON B,101001,0,3,1,2
PANTIES,B1738,NON B,101064,0,5,5,0
PANTIES,I6203,NON B,101065,0,12,12,0
PANTIES,I3052,NON B,101066,0,10,10,0
PANTIES,K801,NON B,101067,0,10,10,0
PANTIES,F362,NON B,101071,0,4,4,0
PANTIES,I6219,NON B,101098,0,15,12,3
PANTIES,B900,NON B,101099,0,12,12,0
PANTIES,I6346,NON B,101100,0,12,12,0
PANTIES,I6216,NON B,101101,0,15,15,0
PANTIES,I8986,NON B,101102,0,13,13,0
PANTIES,B1708,NON B,101103,0,12,12,0
PANTIES,B8813,NON B,101104,0,8,8,0
PANTIES,K6070,NON B,101105,0,15,15,0
PANTIES,H6877,NON B,101290,0,12,11,1
PANTIES,NK8008,NON B,101291,0,24,23,1
PANTIES,CD028,COTTON DANCE,101292,0,12,11,1
PANTIES,HS612,NON B,101306,0,29,26,3
PANTIES,I332,NONB,101196,0,16,15,1
PANTIES,I610B,NONB,101197,0,12,13,-1
PANTIES,I8813,NONB,101198,0,10,10,0
PANTIES,K6075,NON B,101199,0,10,9,1
PANTIES,CH0849,COTTONHILL,101204,0,44,45,-1
PANTIES,I332B,NONB,101205,0,12,11,1
PANTIES,CD40491,NON B,101130,0,15,15,0
PANTIES,J2020,NON B,101132,0,31,31,0
PANTIES,J786,NON B,101133,0,11,11,0
PANTIES,MP10000,NON B,101134,0,18,16,2
PANTIES,I6379,NON B,101135,0,11,10,1
PANTIES,J695,NON B,101136,0,12,12,0
PANTIES,J6065,NON B,101137,0,12,12,0
PANTIES,H8220,NON B,101264,0,12,10,2
PANTIES,H8239,NON B,101265,0,12,11,1
PANTIES,H6878B,NON B,101266,0,12,11,1
PANTIES,K6096,NON B,101356,0,15,5,10
PANTIES,K6087,NON B,101357,0,12,5,7
PANTIES,I5607,NON B,101358,0,12,2,10
PANTIES,I129,NON B,101359,0,15,2,13
PANTIES,I6389,NON B,101360,0,12,3,9
PANTIES,H6878,NON B,101361,0,17,0,17
PANTIES,CD50020,COTTON DANCE,101362,0,12,0,12
PANTIES (BIG),LL38696,LADYLYC,100134,12,29,41,0
PANTIES (BIG),LL52860,LADYLYC,100308,0,13,13,0
PANTIES/PO3,LL8920,LADYLYC,100136,50,304,346,8
PANTIES/PO3,AN2657-2.6,ANIL,100142,50,258,309,-1
PANTIES/PO3,AN2659,ANIL,100143,50,379,421,8
PANTIES/PO3,GP532,GIRLISH,100253,0,42,42,0
PANTIES/PO3,CH4008,NON B,100414,0,18,18,0
PANTIES/PO3,KO39750,KOZABIAT,100958,0,36,36,0
PANTIES/PO3,AN2657,ANIL,101077,0,55,35,20
PANTIES/PO3,STAIN01,NON B,101304,0,20,9,11
PANTIES/PO3,DO55000,DOMINENT,101138,0,12,12,0
PANTIES/PO3,MP003,MISS PUDRA,101173,0,97,94,3
PANTIES/PO3,DR0500,DOREN,101174,0,24,12,12
PANTIES/PO5,B1001,NON B,100959,0,111,111,0
PANTIES/PO5,IN001,NON B,101377,0,1,0,1
PANTIES/PO7,PR001,NON B,100763,0,22,21,1
PANTIES/PO7,B3052,NON B,100764,0,16,16,0
PANTY,NK626,NON BR,100493,0,32,32,0
PANTY,SH1373,NONB,100547,0,105,105,0
PANTY,A2445,NON B,100674,0,16,16,0
PRETTY MAKEUP,BBCREAM,B B CREAM,100705,0,20,20,0
PRETTY MAKEUP,B-POWDER28,BAKED POWDER,100706,0,24,24,0
PRETTY MAKEUP,BLUSH,BLUSH,100707,0,20,20,0
PRETTY MAKEUP,BLUSH-B,BLUSH BAKED,100708,0,24,24,0
PRETTY MAKEUP,BLUSH-M,BLUSH MATTE,100709,0,16,16,0
PRETTY MAKEUP,CONCEALER-CUL,CONCEALER COVER UP LIQUID,100711,0,20,20,0
PRETTY MAKEUP,CONCEALER-S,CONCEALER STICK,100712,0,20,20,0
PRETTY MAKEUP,EPENCIL,EYE PENCIL,100713,0,48,48,0
PRETTY MAKEUP,EPENCIL-S,EYE PENCIL STYLER,100714,0,36,36,0
PRETTY MAKEUP,ESHADOW-Q,EYE SHADOW QUARTET,100715,0,20,20,0
PRETTY MAKEUP,ESHADOW-S,EYE SHADOW SINGLE,100716,0,52,52,0
PRETTY MAKEUP,ESHADOW-SM,EYE SHADOW SINGLE MATTE,100717,0,28,28,0
PRETTY MAKEUP,EBPENCIL-S,EYE BROW PENCIL STYLER,100720,0,16,16,0
PRETTY MAKEUP,EBSHADOW,EYEBROW SHADOW,100721,0,16,16,0
PRETTY MAKEUP,ELINER-GB,EYE LINER GEL BK,100722,0,4,4,0
PRETTY MAKEUP,ELINER-LB,EYE LINER LIQUID BK,100723,0,4,4,0
PRETTY MAKEUP,ELINER-P,EYE LINER PEN,100724,0,4,4,0
PRETTY MAKEUP,ELINER-UDLB,EYE LINER ULTIMATE DIP LINER BK,100725,0,4,4,0
PRETTY MAKEUP,FOUNDATION-CU,FOUNDATION COVER UP,100726,0,24,24,0
PRETTY MAKEUP,FOUNDATION-MF,FOUNDATION MATTIFYING,100727,0,24,24,0
PRETTY MAKEUP,FOUNDATION-WL,FOUNDATION WEIGHTLESS,100728,0,24,24,0
PRETTY MAKEUP,LBALM,LIP BALM,100729,0,12,12,0
PRETTY MAKEUP,LGLOSS-ST,LIP GLOSS STAY TRUE,100730,0,44,44,0
PRETTY MAKEUP,LPENCIL,LIP PENCIL,100731,0,32,32,0
PRETTY MAKEUP,LPENCIL-S,LIP PENCIL STYLER,100732,0,48,48,0
PRETTY MAKEUP,LSTICK-E,LIP STICK ESSENTIAL,100734,0,80,80,0
PRETTY MAKEUP,LSTICK-M,LIP STICK MATTE,100735,0,48,48,0
PRETTY MAKEUP,LSTICK-ML,LIP STICK MATTE LIQUID,100736,0,24,24,0
PRETTY MAKEUP,LSTICK-ST,LIP STICK STAY TRUE,100737,0,44,44,0
PRETTY MAKEUP,MASCARA-AIOB,MASKARA ALL IN ONE BK,100739,0,4,4,0
PRETTY MAKEUP,MASCARA-CB,MASKARA CURLING BK,100740,0,8,8,0
PRETTY MAKEUP,NENAMEL-E,NAIL ENAMEL ESSENTIAL,100743,0,60,60,0
PRETTY MAKEUP,NENAMEL-M,NAIL ENAMEL MATTE,100744,0,60,60,0
PRETTY MAKEUP,PPOWDER,PRESS POWDER,100745,0,24,24,0
PRETTY MAKEUP,PPOWDER-MF,PRESS POWDER MATTIFYING,100746,0,24,24,0
PRETTY MAKEUP,SHARPNER,SHARPNER,100747,0,4,4,0
PRETTY MAKEUP,MUBASE,MAKE UP BASE,100750,0,4,4,0
PRETTY MAKEUP,MASCARA-LB,MASCARA LENGTHENING BK,100753,0,4,4,0
PRETTY MAKEUP,EBMASCARA,EYEBROW MASCARA,100754,0,8,8,0
PROSTHESIS PADS,PPSABINA,SABINA,100011,27,0,0,27
SHAPER/CONTROLER,MF34313,MISSFIT,100144,12,38,47,3
SHAPER/CONTROLER,MF34314,MISSFIT,100145,12,60,64,8
SHAPER/CONTROLER,MF1255,MISSFIT,100146,9,20,27,2
SHAPER/CONTROLER,MF33636,MISSFIT,100147,12,23,34,1
SHAPER/CONTROLER,MF1037,MISSFIT,100148,15,71,86,0
SHAPER/CONTROLER,BO10000-4.2,BONDY,100149,14,0,14,0
SHAPER/CONTROLER,BO10003,BONDY,100150,12,5,15,2
SHAPER/CONTROLER,AN2476,ANIL,100151,9,32,38,3
SHAPER/CONTROLER,AN2513,ANIL,100152,12,13,21,4
SHAPER/CONTROLER,AN2518,ANIL,100153,12,9,14,7
SHAPER/CONTROLER,NZ9001,NAZIK,100352,0,22,14,8
SHAPER/CONTROLER,NZ9005,NAZIK,100437,0,22,12,10
SHAPER/CONTROLER,NZ9003,NAZIK,100438,0,30,28,2
SHAPER/CONTROLER,MF1227,MISSFIT,100546,0,4,4,0
SHAPER/CONTROLER,MF17332,MISS FIT,100606,0,13,9,4
SHAPER/CONTROLER,MF1228,MISS FIT,100804,0,26,23,3
SHAPER/CONTROLER,NZ9020,NAZIK,101045,0,11,11,0
SHAPER/CONTROLER,BO10001-4.2,BONDY,101047,0,3,3,0
SHAPER/CONTROLER,MF14001,MISSFIT,101139,0,6,2,4
SHAPER/CONTROLER,MF14002,MISSFIT,101140,0,6,6,0
SHORT SUIT,CR92904,CAROLINE,100522,0,4,4,0
SHORT SUIT,DS31775,DEEP SLEEP,100806,0,16,16,0
SHORT SUIT,DS12082,DEEP SLEEP,100807,0,4,4,0
SHORT SUIT,EL1315,ELITOL,100904,0,4,4,0
SHORT SUIT,DS1282,DEEP SLEEP,101060,0,2,2,0
SHORT SUIT,DS12061,DEEP SLEEP,101061,0,2,2,0
SHORT SUIT,AN9590,ANIL,101062,0,1,1,0
SILICON BRA,FBTN523,NON BR,100257,0,13,13,0
SILICON BRA,FBTN014,NOR BR,100351,0,6,6,0
STARTERS,MF1501,MISSFIT,100114,12,80,89,3
STARTERS,A111,NON B,100343,0,93,91,2
STARTERS,SBC387,SABINA,100568,0,4,4,0
STARTERS,SBC370,SABINA,100573,0,4,4,0
STARTERS,D6208,NON B,101019,0,2,2,0
STARTERS,A6118,NON B,101144,0,10,9,1
STARTERS,A5988,NONB,101164,0,10,9,1
STARTERS,A8309,NON B,101276,0,12,12,0
STARTERS,A1926,NON B,101277,0,23,15,8
STARTERS,KO80070,CANSOY,101279,0,24,24,0
STARTERS,A6123,NON B,101346,0,11,4,7
STARTERS,A2627,NON B,101347,0,12,0,12
STOKINGS,IT1108,ITALIANA,100255,0,6,4,2
STOKINGS,IT2208,ITALIANA,100256,0,10,4,6
STOKINGS,I1323,ITALIANA,100367,0,2,2,0
STOKINGS,I1272,ITALIANA,100368,0,3,3,0
STOKINGS,I1198,ITALIANA,100369,0,4,4,0
STOKINGS,I1546,ITALIANA,100370,0,3,3,0
STOKINGS,I1326,ITALIANA,100371,0,7,7,0
STOKINGS,I1447,ITALIANA,100372,0,4,4,0
STOKINGS,I1216,ITALIANA,100373,0,7,7,0
STOKINGS,I10081,ITALIANA,100374,0,7,7,0
STOKINGS,I1808,ITALIANA,100375,0,6,6,0
STOKINGS,I2731,ITALIANA,100376,0,6,6,0
STOKINGS,NK9026522,NON B,100377,0,27,18,9
STOKINGS,I1108,ITALIANA,100378,0,13,13,0
STOKINGS,I2390,ITALIANA,100379,0,5,4,1
STOKINGS,I2208,ITALIANA,100380,0,9,8,1
STOKINGS,IT2184,ITALIANA,101145,0,6,3,3
STOKINGS,IT2173,ITALIANA,101146,0,5,0,5
STRAPS,SH01-B,NON B,100157,12,208,207,13
SWIM SUITS,BS1605,NON BR,100154,3,0,0,3
SWIM SUITS,BL1493,NON BR,100155,2,0,1,1
SWIM SUITS,BS9111,NON BR,100156,3,0,0,3
THERMAL,NBB626,NBB,100363,0,5,5,0
THERMAL,AN8533,ANIL,100364,0,7,7,0
THERMAL,AN8532,ANIL,100365,0,20,13,7
THERMAL,AN8531,ANIL8531,100366,0,16,16,0
THERMAL,MS02023649,M&S,100623,0,15,15,0
TIDES,NKS118,NON BR,100286,0,6,6,0
TIDES,NK5118,NON B,100896,0,3,3,0
TIDES,NY6105,NOYA,101171,0,19,13,6
T-SHIRTS,USP66004,U S POLO,100914,0,16,7,9
